task	module	layer	module_type	samples	baseline_nll	edited_nll	utility	utility_ci_low	utility_ci_high	fraction_examples_benefit
qwen_magicoder	layers.0.mlp.down_proj	0	down_proj	61	0.8585859731328292	0.8587596371281342	-0.00017366399530504572	-0.00061413224969731	0.0002772955437664121	0.47540983606557374
qwen_magicoder	layers.0.mlp.gate_proj	0	gate_proj	61	0.8585859731328292	0.8589057595026298	-0.0003197863698005676	-0.0008730670956314587	0.00020101993787484073	0.4426229508196721
qwen_magicoder	layers.0.mlp.up_proj	0	up_proj	61	0.8585859731328292	0.8587048840327342	-0.00011891089990490772	-0.0006894577508334254	0.0004533600092667048	0.45901639344262296
qwen_magicoder	layers.0.self_attn.k_proj	0	k_proj	61	0.8585859731328292	0.8586884164175049	-0.00010244328467572322	-0.0005872102606980527	0.00035483640481214044	0.5409836065573771
qwen_magicoder	layers.0.self_attn.o_proj	0	o_proj	61	0.8585859731328292	0.8586146371042143	-2.8663971385017772e-05	-0.0005491375190312744	0.0005141730679840338	0.45901639344262296
qwen_magicoder	layers.0.self_attn.q_proj	0	q_proj	61	0.8585859731328292	0.8586815557763224	-9.558264349327713e-05	-0.0006321091449162999	0.0004580154831780761	0.5409836065573771
qwen_magicoder	layers.0.self_attn.v_proj	0	v_proj	61	0.8585859731328292	0.858738902162333	-0.0001529290295038067	-0.0006051881696845664	0.000269929423439698	0.5573770491803278
qwen_magicoder	layers.1.mlp.down_proj	1	down_proj	61	0.8585859731328292	0.8587017806827045	-0.00011580754987529067	-0.000561681218811723	0.0003616576922721549	0.4426229508196721
qwen_magicoder	layers.1.mlp.gate_proj	1	gate_proj	61	0.8585859731328292	0.8587487787008286	-0.00016280556799935512	-0.0006518469665382729	0.00032815517338572874	0.4918032786885246
qwen_magicoder	layers.1.mlp.up_proj	1	up_proj	61	0.8585859731328292	0.8589849073867328	-0.00039893425390368604	-0.0008842123672366142	8.781181007135056e-05	0.45901639344262296
qwen_magicoder	layers.1.self_attn.k_proj	1	k_proj	61	0.8585859731328292	0.8588741271466506	-0.0002881540138213361	-0.0008419726532502253	0.00025693231308069367	0.45901639344262296
qwen_magicoder	layers.1.self_attn.o_proj	1	o_proj	61	0.8585859731328292	0.8585937435998291	-7.77046699992946e-06	-0.000534244422174868	0.0005440487724835754	0.5081967213114754
qwen_magicoder	layers.1.self_attn.q_proj	1	q_proj	61	0.8585859731328292	0.8588546789327606	-0.0002687057999313855	-0.0007315338757194457	0.00020116720898229567	0.45901639344262296
qwen_magicoder	layers.1.self_attn.v_proj	1	v_proj	61	0.8585859731328292	0.8586311737289194	-4.5200596090222966e-05	-0.0004866884441160765	0.00038955322787409904	0.5409836065573771
qwen_magicoder	layers.10.mlp.down_proj	10	down_proj	61	0.8585859731328292	0.858784208776521	-0.00019823564369170392	-0.000715138888383498	0.00029567916129456166	0.4262295081967213
qwen_magicoder	layers.10.mlp.gate_proj	10	gate_proj	61	0.8585859731328292	0.8589117180128567	-0.00032574488002745834	-0.0008543868045337864	0.00020035050320820678	0.4098360655737705
qwen_magicoder	layers.10.mlp.up_proj	10	up_proj	61	0.8585859731328292	0.8587393306317876	-0.00015335749895846256	-0.0006309448939854982	0.0002936046662144973	0.5573770491803278
qwen_magicoder	layers.10.self_attn.k_proj	10	k_proj	61	0.8585859731328292	0.8591648128921868	-0.00057883975935764	-0.0011223132554136338	-2.4042486167345075e-05	0.39344262295081966
qwen_magicoder	layers.10.self_attn.o_proj	10	o_proj	61	0.8585859731328292	0.8587124044777917	-0.0001264313449625109	-0.0006182425884438342	0.0003433931832675074	0.47540983606557374
qwen_magicoder	layers.10.self_attn.q_proj	10	q_proj	61	0.8585859731328292	0.8590271689119886	-0.0004411957791594208	-0.0009067862859514893	5.071201041096533e-05	0.4098360655737705
qwen_magicoder	layers.10.self_attn.v_proj	10	v_proj	61	0.8585859731328292	0.8587462643130881	-0.00016029118025889162	-0.0007104564549737289	0.0003804554338337944	0.47540983606557374
qwen_magicoder	layers.11.mlp.down_proj	11	down_proj	61	0.8585859731328292	0.8586673543590014	-8.13812261722127e-05	-0.0005346526346001469	0.00037785697361973413	0.45901639344262296
qwen_magicoder	layers.11.mlp.gate_proj	11	gate_proj	61	0.8585859731328292	0.8584917495485211	9.422358430799891e-05	-0.00039032367592463726	0.000531641894676646	0.5573770491803278
qwen_magicoder	layers.11.mlp.up_proj	11	up_proj	61	0.8585859731328292	0.8587507020498886	-0.0001647289170593512	-0.0007413182407617569	0.0004191382070545285	0.47540983606557374
qwen_magicoder	layers.11.self_attn.k_proj	11	k_proj	61	0.8585859731328292	0.8588726971237386	-0.0002867239909093888	-0.000831775739789009	0.0002473720456244515	0.4426229508196721
qwen_magicoder	layers.11.self_attn.o_proj	11	o_proj	61	0.8585859731328292	0.8587822890916809	-0.00019631595885167356	-0.0006760798944313018	0.00028463992305466373	0.4098360655737705
qwen_magicoder	layers.11.self_attn.q_proj	11	q_proj	61	0.8585859731328292	0.858728465975308	-0.0001424928424788303	-0.0006635825867291357	0.0003818746808855257	0.4262295081967213
qwen_magicoder	layers.11.self_attn.v_proj	11	v_proj	61	0.8585859731328292	0.8585016591871371	8.431394569209365e-05	-0.0003716291584929482	0.0005616623419718659	0.5081967213114754
qwen_magicoder	layers.12.mlp.down_proj	12	down_proj	61	0.8585859731328292	0.8588810003683215	-0.0002950272354923311	-0.0007323472928561148	0.00014376723070125104	0.47540983606557374
qwen_magicoder	layers.12.mlp.gate_proj	12	gate_proj	61	0.8585859731328292	0.8589692047384919	-0.0003832316056626742	-0.0008519267693894809	6.759479397633e-05	0.47540983606557374
qwen_magicoder	layers.12.mlp.up_proj	12	up_proj	61	0.8585859731328292	0.858714368988256	-0.00012839585542678833	-0.0006138344341125645	0.00037248928832714665	0.5081967213114754
qwen_magicoder	layers.12.self_attn.k_proj	12	k_proj	61	0.8585859731328292	0.8586470792528058	-6.110611997666906e-05	-0.0005955722518875951	0.00046725559857536405	0.5245901639344263
qwen_magicoder	layers.12.self_attn.o_proj	12	o_proj	61	0.8585859731328292	0.8590556890016696	-0.0004697158688404521	-0.0009498283633443175	9.336701182068125e-06	0.39344262295081966
qwen_magicoder	layers.12.self_attn.q_proj	12	q_proj	61	0.8585859731328292	0.8589868143689438	-0.00040084123611450195	-0.0009407519805626791	0.00015226517055855362	0.4098360655737705
qwen_magicoder	layers.12.self_attn.v_proj	12	v_proj	61	0.8585859731328292	0.8586210299466477	-3.505681381850946e-05	-0.0005554178699118192	0.0004721106075849685	0.47540983606557374
qwen_magicoder	layers.13.mlp.down_proj	13	down_proj	61	0.8585859731328292	0.8587483906599341	-0.00016241752710498747	-0.0006540409793130687	0.0003387119926390092	0.5409836065573771
qwen_magicoder	layers.13.mlp.gate_proj	13	gate_proj	61	0.8585859731328292	0.8589631043008117	-0.0003771311679824454	-0.0009095466802599	0.00014137690123475942	0.4098360655737705
qwen_magicoder	layers.13.mlp.up_proj	13	up_proj	61	0.8585859731328292	0.8586318539302857	-4.5880797456522455e-05	-0.0005325269503671614	0.0004262451723706513	0.47540983606557374
qwen_magicoder	layers.13.self_attn.k_proj	13	k_proj	61	0.8585859731328292	0.8586200704095793	-3.409727675015809e-05	-0.00048114868705389927	0.00042474559951023895	0.4098360655737705
qwen_magicoder	layers.13.self_attn.o_proj	13	o_proj	61	0.8585859731328292	0.8585648804170186	2.109271581055688e-05	-0.00043603947660962085	0.0004739081212243091	0.47540983606557374
qwen_magicoder	layers.13.self_attn.q_proj	13	q_proj	61	0.8585859731328292	0.8587825672059762	-0.0001965940731470702	-0.0006620553795431481	0.00029523525325978356	0.4098360655737705
qwen_magicoder	layers.13.self_attn.v_proj	13	v_proj	61	0.8585859731328292	0.8589164185963694	-0.0003304454635401241	-0.0008173151644038372	0.00014223077135985007	0.45901639344262296
qwen_magicoder	layers.14.mlp.down_proj	14	down_proj	61	0.8585859731328292	0.8589545394309231	-0.0003685662980939521	-0.0008877404034137726	0.00015647063245538797	0.39344262295081966
qwen_magicoder	layers.14.mlp.gate_proj	14	gate_proj	61	0.8585859731328292	0.8588479690131594	-0.0002619958803301952	-0.0007315458516117002	0.0002081005543958941	0.4262295081967213
qwen_magicoder	layers.14.mlp.up_proj	14	up_proj	61	0.8585859731328292	0.8589511661500228	-0.0003651930171935285	-0.0008319210138965826	9.81021428205919e-05	0.4426229508196721
qwen_magicoder	layers.14.self_attn.k_proj	14	k_proj	61	0.8585859731328292	0.8588888060118332	-0.0003028328790039313	-0.0007700334379418951	0.00015933004314782153	0.47540983606557374
qwen_magicoder	layers.14.self_attn.o_proj	14	o_proj	61	0.8585859731328292	0.8590217820200764	-0.00043580888724717936	-0.0008565488897386144	-2.860009181695085e-06	0.4098360655737705
qwen_magicoder	layers.14.self_attn.q_proj	14	q_proj	61	0.8585859731328292	0.8586377223007015	-5.174916787225692e-05	-0.0005589142350144073	0.0004055541314062525	0.5081967213114754
qwen_magicoder	layers.14.self_attn.v_proj	14	v_proj	61	0.8585859731328292	0.8588863149529598	-0.0003003418201305827	-0.0008695230804017333	0.00026647201510237846	0.4426229508196721
qwen_magicoder	layers.15.mlp.down_proj	15	down_proj	61	0.8585859731328292	0.8588115657206441	-0.00022559258781495642	-0.0006898727512261906	0.0002285326907380676	0.4098360655737705
qwen_magicoder	layers.15.mlp.gate_proj	15	gate_proj	61	0.8585859731328292	0.8590196109697467	-0.000433637836917502	-0.000863751008740214	-1.5092595312440066e-05	0.4098360655737705
qwen_magicoder	layers.15.mlp.up_proj	15	up_proj	61	0.8585859731328292	0.8588198148569123	-0.00023384172408307186	-0.0006691199589948186	0.0001793822670569183	0.45901639344262296
qwen_magicoder	layers.15.self_attn.k_proj	15	k_proj	61	0.8585859731328292	0.8587524515927815	-0.00016647845995230754	-0.0006761109853377107	0.00036071997563369857	0.5245901639344263
qwen_magicoder	layers.15.self_attn.o_proj	15	o_proj	61	0.8585859731328292	0.8586401128378071	-5.413970497787976e-05	-0.0005549183603925782	0.00043626038632431943	0.5737704918032787
qwen_magicoder	layers.15.self_attn.q_proj	15	q_proj	61	0.8585859731328292	0.8587413636631653	-0.0001553905303360986	-0.0006011955623255401	0.0003174622588958893	0.4918032786885246
qwen_magicoder	layers.15.self_attn.v_proj	15	v_proj	61	0.8585859731328292	0.858999610557908	-0.00041363742507872033	-0.0008696541739780395	5.710183597001851e-05	0.3770491803278688
qwen_magicoder	layers.16.mlp.down_proj	16	down_proj	61	0.8585859731328292	0.8587215277748029	-0.0001355546419737769	-0.0005771111269466212	0.0003044218802061235	0.4426229508196721
qwen_magicoder	layers.16.mlp.gate_proj	16	gate_proj	61	0.8585859731328292	0.8588346969641623	-0.00024872383133309786	-0.0007067430092663062	0.00020262702810959683	0.4098360655737705
qwen_magicoder	layers.16.mlp.up_proj	16	up_proj	61	0.8585859731328292	0.8587014465058436	-0.0001154733730144188	-0.0005595814680955449	0.00031747606995164335	0.4918032786885246
qwen_magicoder	layers.16.self_attn.k_proj	16	k_proj	61	0.8585859731328292	0.8587113213343699	-0.00012534820154064993	-0.0006480396374082956	0.00037717907460498013	0.45901639344262296
qwen_magicoder	layers.16.self_attn.o_proj	16	o_proj	61	0.8585859731328292	0.8588934714188341	-0.00030749828600492636	-0.0007935089227117476	0.00017829126999026348	0.4426229508196721
qwen_magicoder	layers.16.self_attn.q_proj	16	q_proj	61	0.8585859731328292	0.8586292483034681	-4.3275170638913015e-05	-0.0005015345626190061	0.00043723062902200374	0.5573770491803278
qwen_magicoder	layers.16.self_attn.v_proj	16	v_proj	61	0.8585859731328292	0.8589279970428982	-0.0003420239100690748	-0.0008607031380543943	0.0001693868795867815	0.4918032786885246
qwen_magicoder	layers.17.mlp.down_proj	17	down_proj	61	0.8585859731328292	0.8587844481722253	-0.00019847503939612968	-0.0006637609823316824	0.0002895564024077086	0.4098360655737705
qwen_magicoder	layers.17.mlp.gate_proj	17	gate_proj	61	0.8585859731328292	0.8588668447537501	-0.0002808716209208379	-0.0008080589264386989	0.00023843206343103618	0.4426229508196721
qwen_magicoder	layers.17.mlp.up_proj	17	up_proj	61	0.8585859731328292	0.8586688546127961	-8.28814799668359e-05	-0.0006747681586468805	0.000506894064487003	0.4918032786885246
qwen_magicoder	layers.17.self_attn.k_proj	17	k_proj	61	0.8585859731328292	0.8586878904797992	-0.0001019173469699797	-0.0005627426211951209	0.0003709326085985684	0.4262295081967213
qwen_magicoder	layers.17.self_attn.o_proj	17	o_proj	61	0.8585859731328292	0.8587859789611864	-0.0002000058283571337	-0.0006081499037195424	0.00018782144198652137	0.47540983606557374
qwen_magicoder	layers.17.self_attn.q_proj	17	q_proj	61	0.8585859731328292	0.8588590457058344	-0.000273072573005176	-0.0007663862321709023	0.0002046424529102979	0.4918032786885246
qwen_magicoder	layers.17.self_attn.v_proj	17	v_proj	61	0.8585859731328292	0.8590914633918981	-0.0005054902590689112	-0.0010453309253102444	1.0238593963325693e-05	0.45901639344262296
qwen_magicoder	layers.18.mlp.down_proj	18	down_proj	61	0.8585859731328292	0.8586929565081831	-0.00010698337535389134	-0.0005743044688076269	0.000372566307177309	0.4262295081967213
qwen_magicoder	layers.18.mlp.gate_proj	18	gate_proj	61	0.8585859731328292	0.8589699414909863	-0.000383968358157111	-0.0008739880118213716	0.0001045621290314392	0.4098360655737705
qwen_magicoder	layers.18.mlp.up_proj	18	up_proj	61	0.8585859731328292	0.8586206422721754	-3.466913934613838e-05	-0.0005318779376198033	0.00044859431561876427	0.47540983606557374
qwen_magicoder	layers.18.self_attn.k_proj	18	k_proj	61	0.8585859731328292	0.858747599066281	-0.0001616259334517307	-0.0006462236469397779	0.00032894228753007796	0.4918032786885246
qwen_magicoder	layers.18.self_attn.o_proj	18	o_proj	61	0.8585859731328292	0.8587459131586747	-0.00015994002584551203	-0.000596300017882566	0.00027273195322419724	0.45901639344262296
qwen_magicoder	layers.18.self_attn.q_proj	18	q_proj	61	0.8585859731328292	0.8587406401018627	-0.0001546669690335383	-0.0006232728540408807	0.0003203364974651179	0.4426229508196721
qwen_magicoder	layers.18.self_attn.v_proj	18	v_proj	61	0.8585859731328292	0.8590122482082883	-0.00042627507545908944	-0.0009219567306706163	3.7005061253171964e-05	0.4262295081967213
qwen_magicoder	layers.19.mlp.down_proj	19	down_proj	61	0.8585859731328292	0.8586478395784487	-6.186644561955186e-05	-0.0005055576196459473	0.0003734884569879434	0.4918032786885246
qwen_magicoder	layers.19.mlp.gate_proj	19	gate_proj	61	0.8585859731328292	0.8590545870485853	-0.0004686139157561005	-0.0010495470134449787	0.00010807986875049394	0.4098360655737705
qwen_magicoder	layers.19.mlp.up_proj	19	up_proj	61	0.8585859731328292	0.8587431486268513	-0.0001571754940220567	-0.0007066537427609083	0.00037492809237026694	0.5081967213114754
qwen_magicoder	layers.19.self_attn.k_proj	19	k_proj	61	0.8585859731328292	0.8589625744546046	-0.00037660132177540516	-0.0009002337445978258	0.00015191413828583985	0.4918032786885246
qwen_magicoder	layers.19.self_attn.o_proj	19	o_proj	61	0.8585859731328292	0.8589251405391537	-0.0003391674063244804	-0.0009221887979351107	0.00025415167090345566	0.5081967213114754
qwen_magicoder	layers.19.self_attn.q_proj	19	q_proj	61	0.8585859731328292	0.8588454388692731	-0.0002594657364438792	-0.0008065353162953111	0.00027194594750638856	0.47540983606557374
qwen_magicoder	layers.19.self_attn.v_proj	19	v_proj	61	0.8585859731328292	0.8589574962121541	-0.00037152307932494116	-0.0008930847842673786	0.00015074034816906043	0.39344262295081966
qwen_magicoder	layers.2.mlp.down_proj	2	down_proj	61	0.8585859731328292	0.8586274468507923	-4.1473717963109254e-05	-0.0005533017279183278	0.00046974199472880744	0.4918032786885246
qwen_magicoder	layers.2.mlp.gate_proj	2	gate_proj	61	0.8585859731328292	0.8587017517353668	-0.00011577860253756164	-0.0005696165634960425	0.0003476443654689632	0.45901639344262296
qwen_magicoder	layers.2.mlp.up_proj	2	up_proj	61	0.8585859731328292	0.8586835061184696	-9.753298564035384e-05	-0.0005859765483707678	0.00040221312617669274	0.4918032786885246
qwen_magicoder	layers.2.self_attn.k_proj	2	k_proj	61	0.8585859731328292	0.8587078461881543	-0.0001218730553251798	-0.0005472090003676101	0.00029812901296087944	0.47540983606557374
qwen_magicoder	layers.2.self_attn.o_proj	2	o_proj	61	0.8585859731328292	0.8585612164413343	2.4756691494926076e-05	-0.0004407630531025715	0.00047473937395166175	0.47540983606557374
qwen_magicoder	layers.2.self_attn.q_proj	2	q_proj	61	0.8585859731328292	0.8589934529583962	-0.0004074798255670266	-0.0008901575732915128	8.080940021843115e-05	0.4918032786885246
qwen_magicoder	layers.2.self_attn.v_proj	2	v_proj	61	0.8585859731328292	0.8587395394923257	-0.0001535663594965075	-0.0007103688526348988	0.00035680650931889764	0.45901639344262296
qwen_magicoder	layers.20.mlp.down_proj	20	down_proj	61	0.8585859731328292	0.8588217167092151	-0.0002357435763859358	-0.0007498547923369485	0.0002861457708917679	0.5245901639344263
qwen_magicoder	layers.20.mlp.gate_proj	20	gate_proj	61	0.8585859731328292	0.8588759474089889	-0.00028997427615963045	-0.0007726947151002337	0.00019448545501857498	0.3770491803278688
qwen_magicoder	layers.20.mlp.up_proj	20	up_proj	61	0.8585859731328292	0.858894376359025	-0.0003084032261957888	-0.000772279152860407	0.00015214566813140533	0.4426229508196721
qwen_magicoder	layers.20.self_attn.k_proj	20	k_proj	61	0.8585859731328292	0.8588858504520088	-0.00029987731917959745	-0.0008397187060508571	0.00022281665416037323	0.5081967213114754
qwen_magicoder	layers.20.self_attn.o_proj	20	o_proj	61	0.8585859731328292	0.8590347001054248	-0.00044872697259559004	-0.0009446507838905834	6.889088964853117e-05	0.3770491803278688
qwen_magicoder	layers.20.self_attn.q_proj	20	q_proj	61	0.8585859731328292	0.8586251396136205	-3.916648079137333e-05	-0.0004869571932759441	0.00043770069958733713	0.47540983606557374
qwen_magicoder	layers.20.self_attn.v_proj	20	v_proj	61	0.8585859731328292	0.8587536237767486	-0.00016765064391933504	-0.0007063830027081927	0.00036290839436601267	0.47540983606557374
qwen_magicoder	layers.21.mlp.down_proj	21	down_proj	61	0.8585859731328292	0.8592991940066462	-0.0007132208738170686	-0.0011730241115953102	-0.00026783150483350286	0.3114754098360656
qwen_magicoder	layers.21.mlp.gate_proj	21	gate_proj	61	0.8585859731328292	0.8590502009772863	-0.0004642278444571573	-0.001037857339518969	0.00011618716306373693	0.4262295081967213
qwen_magicoder	layers.21.mlp.up_proj	21	up_proj	61	0.8585859731328292	0.8589783716397207	-0.000392398506891532	-0.0008295086594145806	8.47660951682777e-05	0.4262295081967213
qwen_magicoder	layers.21.self_attn.k_proj	21	k_proj	61	0.8585859731328292	0.8587075561040738	-0.00012158297124456187	-0.0005930954498834297	0.00034543606834333405	0.5081967213114754
qwen_magicoder	layers.21.self_attn.o_proj	21	o_proj	61	0.8585859731328292	0.8588703197778248	-0.0002843466449956425	-0.000724634546481195	0.00015564149276154937	0.47540983606557374
qwen_magicoder	layers.21.self_attn.q_proj	21	q_proj	61	0.8585859731328292	0.8588380646265921	-0.00025209149376290743	-0.0006215057412131888	0.00011383426360419489	0.45901639344262296
qwen_magicoder	layers.21.self_attn.v_proj	21	v_proj	61	0.8585859731328292	0.8586166333712515	-3.066023842233126e-05	-0.00045977926156559926	0.0003719520129141258	0.5245901639344263
qwen_magicoder	layers.22.mlp.down_proj	22	down_proj	61	0.8585859731328292	0.85856893841849	1.7034714339209383e-05	-0.0004753057157895604	0.000492784057240017	0.5409836065573771
qwen_magicoder	layers.22.mlp.gate_proj	22	gate_proj	61	0.8585859731328292	0.8589026099834286	-0.0003166368505993827	-0.0008697717038334393	0.0002476151177629092	0.4098360655737705
qwen_magicoder	layers.22.mlp.up_proj	22	up_proj	61	0.8585859731328292	0.8591896221041679	-0.0006036489713387411	-0.0011946875296655248	-3.9548121514867675e-05	0.4426229508196721
qwen_magicoder	layers.22.self_attn.k_proj	22	k_proj	61	0.8585859731328292	0.8587663755065105	-0.00018040237368130294	-0.0006343827109600677	0.0002768935421939755	0.4262295081967213
qwen_magicoder	layers.22.self_attn.o_proj	22	o_proj	61	0.8585859731328292	0.8587796126232773	-0.0001936394904480606	-0.0006449500159894833	0.0002644474419658301	0.4918032786885246
qwen_magicoder	layers.22.self_attn.q_proj	22	q_proj	61	0.8585859731328292	0.8588775247335434	-0.0002915516007141989	-0.0007691317253181192	0.00018922619399477217	0.3442622950819672
qwen_magicoder	layers.22.self_attn.v_proj	22	v_proj	61	0.8585859731328292	0.8586975172406337	-0.00011154410780453291	-0.0005320372334757789	0.00030990585257283944	0.45901639344262296
qwen_magicoder	layers.23.mlp.down_proj	23	down_proj	61	0.8585859731328292	0.8585834644857	2.50864712918391e-06	-0.0005342240002555924	0.000500510620777724	0.47540983606557374
qwen_magicoder	layers.23.mlp.gate_proj	23	gate_proj	61	0.8585859731328292	0.8592662447300113	-0.0006802715971821644	-0.001139926021827049	-0.00022063554554689166	0.32786885245901637
qwen_magicoder	layers.23.mlp.up_proj	23	up_proj	61	0.8585859731328292	0.8591496398458716	-0.0005636667130423374	-0.001081605359423356	-9.631737455969983e-05	0.4918032786885246
qwen_magicoder	layers.23.self_attn.k_proj	23	k_proj	61	0.8585859731328292	0.8588414667326896	-0.00025549359986039457	-0.0007304331318276827	0.00021961130446097874	0.4262295081967213
qwen_magicoder	layers.23.self_attn.o_proj	23	o_proj	61	0.8585859731328292	0.8590559183818395	-0.00046994524901030493	-0.0009461446069791668	-8.343477718166296e-06	0.36065573770491804
qwen_magicoder	layers.23.self_attn.q_proj	23	q_proj	61	0.8585859731328292	0.8589069407250061	-0.0003209675921768439	-0.0007957264719927898	0.00017435717411705675	0.39344262295081966
qwen_magicoder	layers.23.self_attn.v_proj	23	v_proj	61	0.8585859731328292	0.8588431050054363	-0.00025713187260705916	-0.0007236966252571247	0.0002108005776268536	0.4098360655737705
qwen_magicoder	layers.24.mlp.down_proj	24	down_proj	61	0.8585859731328292	0.8587388169081485	-0.0001528437753192714	-0.0005370466801963869	0.00021652361897171488	0.47540983606557374
qwen_magicoder	layers.24.mlp.gate_proj	24	gate_proj	61	0.8585859731328292	0.8589248289583159	-0.00033885582548673034	-0.0008749459305259047	0.00019307075465311722	0.4262295081967213
qwen_magicoder	layers.24.mlp.up_proj	24	up_proj	61	0.8585859731328292	0.8592278506667888	-0.0006418775339595607	-0.0011605679988861085	-0.00014000815324118922	0.36065573770491804
qwen_magicoder	layers.24.self_attn.k_proj	24	k_proj	61	0.8585859731328292	0.8585146164796391	7.135665319004997e-05	-0.0004207162430784741	0.0005471412672615442	0.5573770491803278
qwen_magicoder	layers.24.self_attn.o_proj	24	o_proj	61	0.8585859731328292	0.8587866249631663	-0.00020065183033708667	-0.0007117362051713661	0.0002784958384076089	0.39344262295081966
qwen_magicoder	layers.24.self_attn.q_proj	24	q_proj	61	0.8585859731328292	0.858631789195733	-4.5816062903795084e-05	-0.0005395879816324984	0.00045786266688440654	0.45901639344262296
qwen_magicoder	layers.24.self_attn.v_proj	24	v_proj	61	0.8585859731328292	0.8586198798701411	-3.390673731194168e-05	-0.0004405020568214479	0.0003834297483573192	0.47540983606557374
qwen_magicoder	layers.25.mlp.down_proj	25	down_proj	61	0.8585859731328292	0.858695214400526	-0.00010924126769675583	-0.00055124005150111	0.00035315317208649646	0.4098360655737705
qwen_magicoder	layers.25.mlp.gate_proj	25	gate_proj	61	0.8585859731328292	0.8586602206112909	-7.424747846165641e-05	-0.0006009957646248771	0.00044405969989592915	0.4918032786885246
qwen_magicoder	layers.25.mlp.up_proj	25	up_proj	61	0.8585859731328292	0.8591874189308433	-0.0006014457980140311	-0.0011171114066096603	-6.859254885892421e-05	0.36065573770491804
qwen_magicoder	layers.25.self_attn.k_proj	25	k_proj	61	0.8585859731328292	0.8588756830965887	-0.00028970996375943795	-0.0007282562462277099	0.00014732583563347294	0.4098360655737705
qwen_magicoder	layers.25.self_attn.o_proj	25	o_proj	61	0.8585859731328292	0.8589318671920261	-0.00034589405919684737	-0.0007394651592266365	4.374144873658071e-05	0.39344262295081966
qwen_magicoder	layers.25.self_attn.q_proj	25	q_proj	61	0.8585859731328292	0.8589616408113574	-0.0003756676785281447	-0.0008624200938177891	0.00010477302931859845	0.3770491803278688
qwen_magicoder	layers.25.self_attn.v_proj	25	v_proj	61	0.8585859731328292	0.8588272345359208	-0.00024126140309161826	-0.0006526393357847558	0.0001594112941720445	0.4098360655737705
qwen_magicoder	layers.26.mlp.down_proj	26	down_proj	61	0.8585859731328292	0.859092505618197	-0.0005065324853678219	-0.0009274379273907083	-0.0001038791825536825	0.3442622950819672
qwen_magicoder	layers.26.mlp.gate_proj	26	gate_proj	61	0.8585859731328292	0.8592190479890245	-0.0006330748561952934	-0.0011379498621967971	-0.0001498516893289131	0.39344262295081966
qwen_magicoder	layers.26.mlp.up_proj	26	up_proj	61	0.8585859731328292	0.8589248033087762	-0.00033883017594697046	-0.0007964735392664299	0.0001302771514556438	0.47540983606557374
qwen_magicoder	layers.26.self_attn.k_proj	26	k_proj	61	0.8585859731328292	0.8588317030521689	-0.0002457299193397897	-0.0006700515869210978	0.00018524378538131692	0.45901639344262296
qwen_magicoder	layers.26.self_attn.o_proj	26	o_proj	61	0.8585859731328292	0.858857124677447	-0.00027115154461782487	-0.0007427241836414962	0.00021281415199647148	0.4262295081967213
qwen_magicoder	layers.26.self_attn.q_proj	26	q_proj	61	0.8585859731328292	0.8588619041638296	-0.00027593103100041874	-0.0006812893220635711	0.00012594188762004178	0.4262295081967213
qwen_magicoder	layers.26.self_attn.v_proj	26	v_proj	61	0.8585859731328292	0.8589956600402222	-0.0004096869073930334	-0.0008764002960724908	6.592827009372885e-05	0.4262295081967213
qwen_magicoder	layers.27.mlp.down_proj	27	down_proj	61	0.8585859731328292	0.8589461307789459	-0.0003601576461166632	-0.0007702900676942263	3.1133893816197314e-05	0.39344262295081966
qwen_magicoder	layers.27.mlp.gate_proj	27	gate_proj	61	0.8585859731328292	0.8586797669041352	-9.379377130602227e-05	-0.000533403541709556	0.00035408471451430965	0.4262295081967213
qwen_magicoder	layers.27.mlp.up_proj	27	up_proj	61	0.8585859731328292	0.8590323471876441	-0.0004463740548149484	-0.0010334032297622962	0.00012339393867820948	0.4262295081967213
qwen_magicoder	layers.27.self_attn.k_proj	27	k_proj	61	0.8585859731328292	0.8588920930614237	-0.00030611992859449545	-0.0007856636628752849	0.00016950337735355877	0.39344262295081966
qwen_magicoder	layers.27.self_attn.o_proj	27	o_proj	61	0.8585859731328292	0.858563237747208	2.27353856211803e-05	-0.00042345282911765767	0.00046676538701428705	0.4918032786885246
qwen_magicoder	layers.27.self_attn.q_proj	27	q_proj	61	0.8585859731328292	0.858808985132663	-0.00022301199983377926	-0.0006312767318526252	0.00018075492660530248	0.4262295081967213
qwen_magicoder	layers.27.self_attn.v_proj	27	v_proj	61	0.8585859731328292	0.8587983586504812	-0.0002123855176519175	-0.0007270697076789669	0.0002586055119506647	0.4918032786885246
qwen_magicoder	layers.28.mlp.down_proj	28	down_proj	61	0.8585859731328292	0.8586636847648464	-7.771163201722942e-05	-0.0005812824841161244	0.0004151538075482254	0.5245901639344263
qwen_magicoder	layers.28.mlp.gate_proj	28	gate_proj	61	0.8585859731328292	0.8587369168879556	-0.0001509437551263903	-0.0007024917995832006	0.0004255637495976973	0.4262295081967213
qwen_magicoder	layers.28.mlp.up_proj	28	up_proj	61	0.8585859731328292	0.8588274899320524	-0.00024151679922322758	-0.0007245366568448114	0.0002271382657230876	0.4426229508196721
qwen_magicoder	layers.28.self_attn.k_proj	28	k_proj	61	0.8585859731328292	0.858817676540281	-0.00023170340745175472	-0.0006916748756756548	0.00023449072461636315	0.39344262295081966
qwen_magicoder	layers.28.self_attn.o_proj	28	o_proj	61	0.8585859731328292	0.8587078916244819	-0.00012191849165275449	-0.0006316403873631211	0.000396052775446508	0.47540983606557374
qwen_magicoder	layers.28.self_attn.q_proj	28	q_proj	61	0.8585859731328292	0.8587861911195224	-0.00020021798669314774	-0.0006390833036332834	0.0002471426318659157	0.4426229508196721
qwen_magicoder	layers.28.self_attn.v_proj	28	v_proj	61	0.8585859731328292	0.8587983713531103	-0.00021239822028113194	-0.0006436485369674495	0.00021941288084280288	0.4918032786885246
qwen_magicoder	layers.29.mlp.down_proj	29	down_proj	61	0.8585859731328292	0.8586191566752606	-3.3183542431377976e-05	-0.0004846301174066106	0.0004204744992197533	0.45901639344262296
qwen_magicoder	layers.29.mlp.gate_proj	29	gate_proj	61	0.8585859731328292	0.8588070390654392	-0.00022106593260999585	-0.0006915084681794292	0.00026772171258926386	0.4426229508196721
qwen_magicoder	layers.29.mlp.up_proj	29	up_proj	61	0.8585859731328292	0.8588710319800456	-0.0002850588472163091	-0.0007484976843488021	0.00017242611187403317	0.4426229508196721
qwen_magicoder	layers.29.self_attn.k_proj	29	k_proj	61	0.8585859731328292	0.8589284481083761	-0.0003424749755468525	-0.0007312999641309019	5.9805889842939446e-05	0.4262295081967213
qwen_magicoder	layers.29.self_attn.o_proj	29	o_proj	61	0.8585859731328292	0.8585788244839574	7.148648871750128e-06	-0.0003797527402639389	0.00039014336271364164	0.5081967213114754
qwen_magicoder	layers.29.self_attn.q_proj	29	q_proj	61	0.8585859731328292	0.8586229580591936	-3.6984926364460927e-05	-0.00045718487779625123	0.00038769198123548844	0.4098360655737705
qwen_magicoder	layers.29.self_attn.v_proj	29	v_proj	61	0.8585859731328292	0.8588112873620675	-0.00022531422923822872	-0.0006627504729100915	0.00018674282998335155	0.4426229508196721
qwen_magicoder	layers.3.mlp.down_proj	3	down_proj	61	0.8585859731328292	0.8589086995505896	-0.00032272641776037996	-0.0008069910109043121	0.0001574018145682372	0.45901639344262296
qwen_magicoder	layers.3.mlp.gate_proj	3	gate_proj	61	0.8585859731328292	0.8588537126779556	-0.00026773954512643034	-0.0008569958421294807	0.0003278447620448517	0.4262295081967213
qwen_magicoder	layers.3.mlp.up_proj	3	up_proj	61	0.8585859731328292	0.8586555274783588	-6.955434552958755e-05	-0.0006328534670784825	0.00045008868223331007	0.47540983606557374
qwen_magicoder	layers.3.self_attn.k_proj	3	k_proj	61	0.8585859731328292	0.8587380143218353	-0.00015204118900611754	-0.0006116921418025845	0.0003058160304046066	0.45901639344262296
qwen_magicoder	layers.3.self_attn.o_proj	3	o_proj	61	0.8585859731328292	0.8586085592625571	-2.2586129727910777e-05	-0.0005366444373961354	0.0004838577761757569	0.4918032786885246
qwen_magicoder	layers.3.self_attn.q_proj	3	q_proj	61	0.8585859731328292	0.8586877837288575	-0.0001018105960283123	-0.0005869486781417346	0.0003984166645124309	0.4918032786885246
qwen_magicoder	layers.3.self_attn.v_proj	3	v_proj	61	0.8585859731328292	0.858834415918491	-0.00024844278566172863	-0.0007812442288535541	0.00027619113565468357	0.4426229508196721
qwen_magicoder	layers.30.mlp.down_proj	30	down_proj	61	0.8585859731328292	0.8589478703063043	-0.00036189717347504663	-0.000850260141687315	0.00011353752896433935	0.45901639344262296
qwen_magicoder	layers.30.mlp.gate_proj	30	gate_proj	61	0.8585859731328292	0.8591381311416626	-0.0005521580088334006	-0.0010307097593780423	-8.084666838900005e-05	0.4262295081967213
qwen_magicoder	layers.30.mlp.up_proj	30	up_proj	61	0.8585859731328292	0.8592856765770521	-0.0006997034442229349	-0.0012634931865041373	-0.00015752775991549275	0.39344262295081966
qwen_magicoder	layers.30.self_attn.k_proj	30	k_proj	61	0.8585859731328292	0.8588937495331295	-0.000307776400300323	-0.0007409029380708444	0.00014569766697336377	0.3442622950819672
qwen_magicoder	layers.30.self_attn.o_proj	30	o_proj	61	0.8585859731328292	0.858519539725585	6.643340724413512e-05	-0.00045178639473485166	0.0005830583513760171	0.5245901639344263
qwen_magicoder	layers.30.self_attn.q_proj	30	q_proj	61	0.8585859731328292	0.8584263164733277	0.00015965665950149786	-0.000269193703033885	0.000601238928368834	0.47540983606557374
qwen_magicoder	layers.30.self_attn.v_proj	30	v_proj	61	0.8585859731328292	0.8589760343559453	-0.00039006122311607735	-0.0007990474461532029	3.883055121195118e-05	0.36065573770491804
qwen_magicoder	layers.31.mlp.down_proj	31	down_proj	61	0.8585859731328292	0.8588022777780158	-0.00021630464518656496	-0.0007682131603360176	0.0002777059089209212	0.5245901639344263
qwen_magicoder	layers.31.mlp.gate_proj	31	gate_proj	61	0.8585859731328292	0.8588626133125337	-0.00027664017970444727	-0.0007558961047745142	0.00021367303294236541	0.4098360655737705
qwen_magicoder	layers.31.mlp.up_proj	31	up_proj	61	0.8585859731328292	0.858646286437746	-6.031330491675705e-05	-0.000565702211661417	0.00047650175993559747	0.4918032786885246
qwen_magicoder	layers.31.self_attn.k_proj	31	k_proj	61	0.8585859731328292	0.8586985702153112	-0.00011259708248200963	-0.0005113840591712077	0.00028989162357127065	0.47540983606557374
qwen_magicoder	layers.31.self_attn.o_proj	31	o_proj	61	0.8585859731328292	0.8587720264665416	-0.00018605333371240584	-0.0005944315435700728	0.00021669332121239323	0.4098360655737705
qwen_magicoder	layers.31.self_attn.q_proj	31	q_proj	61	0.8585859731328292	0.8588770991954647	-0.00029112606263551554	-0.000655053552911907	5.806307690065355e-05	0.36065573770491804
qwen_magicoder	layers.31.self_attn.v_proj	31	v_proj	61	0.8585859731328292	0.858731217193799	-0.00014524406096974357	-0.0005059513156531287	0.00021786181042428876	0.47540983606557374
qwen_magicoder	layers.32.mlp.down_proj	32	down_proj	61	0.8585859731328292	0.8587595450340725	-0.0001735719012432411	-0.0006373575964912039	0.0002808063306280824	0.5081967213114754
qwen_magicoder	layers.32.mlp.gate_proj	32	gate_proj	61	0.8585859731328292	0.8589579317657674	-0.0003719586329381974	-0.0008873920582357	0.00012153340656249247	0.4098360655737705
qwen_magicoder	layers.32.mlp.up_proj	32	up_proj	61	0.8585859731328292	0.8587928797866478	-0.000206906653818537	-0.0007477675671460198	0.0003279126539337829	0.4426229508196721
qwen_magicoder	layers.32.self_attn.k_proj	32	k_proj	61	0.8585859731328292	0.8587772808358317	-0.00019130770300255446	-0.0006358148804942115	0.00027835405141603736	0.36065573770491804
qwen_magicoder	layers.32.self_attn.o_proj	32	o_proj	61	0.8585859731328292	0.8585508430346114	3.5130098217823466e-05	-0.00045836478716037313	0.0005271436616045526	0.4918032786885246
qwen_magicoder	layers.32.self_attn.q_proj	32	q_proj	61	0.8585859731328292	0.8586700718666687	-8.409873383944152e-05	-0.0004666276398252268	0.0003091202102235104	0.47540983606557374
qwen_magicoder	layers.32.self_attn.v_proj	32	v_proj	61	0.8585859731328292	0.8586563221255287	-7.03489926994824e-05	-0.0005352740038613804	0.00038531777739036273	0.45901639344262296
qwen_magicoder	layers.33.mlp.down_proj	33	down_proj	61	0.8585859731328292	0.8592095734154592	-0.0006236002826299823	-0.001176937205381081	-7.534394743012609e-05	0.3770491803278688
qwen_magicoder	layers.33.mlp.gate_proj	33	gate_proj	61	0.8585859731328292	0.8591386017496468	-0.0005526286168176619	-0.001075576502280157	-3.616096543484062e-05	0.36065573770491804
qwen_magicoder	layers.33.mlp.up_proj	33	up_proj	61	0.8585859731328292	0.8587179898482854	-0.00013201671545622778	-0.0005694085823707894	0.00029977327365367137	0.5245901639344263
qwen_magicoder	layers.33.self_attn.k_proj	33	k_proj	61	0.8585859731328292	0.8586814446283169	-9.547149548765089e-05	-0.00043311089765830116	0.0002533012115564502	0.5245901639344263
qwen_magicoder	layers.33.self_attn.o_proj	33	o_proj	61	0.8585859731328292	0.8585418814518413	4.4091680987936555e-05	-0.0003500275771881713	0.00044643497247187804	0.47540983606557374
qwen_magicoder	layers.33.self_attn.q_proj	33	q_proj	61	0.8585859731328292	0.8586683378356402	-8.236470281100664e-05	-0.000463719513328349	0.0003182944276782332	0.45901639344262296
qwen_magicoder	layers.33.self_attn.v_proj	33	v_proj	61	0.8585859731328292	0.8584877051046638	9.826802816547332e-05	-0.00033393489410642717	0.000525713913509103	0.5573770491803278
qwen_magicoder	layers.34.mlp.down_proj	34	down_proj	61	0.8585859731328292	0.8591275442330564	-0.0005415711002271684	-0.0011381543562060498	4.747151473506514e-05	0.45901639344262296
qwen_magicoder	layers.34.mlp.gate_proj	34	gate_proj	61	0.8585859731328292	0.8588833145675112	-0.00029734143468200183	-0.0009303833678609035	0.00032705689062837665	0.47540983606557374
qwen_magicoder	layers.34.mlp.up_proj	34	up_proj	61	0.8585859731328292	0.859226466568767	-0.0006404934359378502	-0.0011635050788277486	-0.00013352868254067475	0.4262295081967213
qwen_magicoder	layers.34.self_attn.k_proj	34	k_proj	61	0.8585859731328292	0.8584873722713502	9.860086147902441e-05	-0.00029599132535398985	0.0004945525899529456	0.4426229508196721
qwen_magicoder	layers.34.self_attn.o_proj	34	o_proj	61	0.8585859731328292	0.8585268364089435	5.913672388577071e-05	-0.0004339037463068962	0.0005462791618020802	0.5081967213114754
qwen_magicoder	layers.34.self_attn.q_proj	34	q_proj	61	0.8585859731328292	0.8585712168304647	1.4756302364536973e-05	-0.0005038651897281897	0.0005208029610211731	0.5081967213114754
qwen_magicoder	layers.34.self_attn.v_proj	34	v_proj	61	0.8585859731328292	0.8586993864813789	-0.00011341334854970213	-0.0006397200076550734	0.00041282078037496457	0.47540983606557374
qwen_magicoder	layers.35.mlp.down_proj	35	down_proj	61	0.8585859731328292	0.859988591710075	-0.001402618577245806	-0.002156552880025301	-0.0007079954213294827	0.3770491803278688
qwen_magicoder	layers.35.mlp.gate_proj	35	gate_proj	61	0.8585859731328292	0.8592251654042572	-0.00063919227142803	-0.0013993760540348585	0.00020023039618476444	0.4098360655737705
qwen_magicoder	layers.35.mlp.up_proj	35	up_proj	61	0.8585859731328292	0.860066514523303	-0.0014805413904737253	-0.0023947212570270553	-0.0005839175040848923	0.3770491803278688
qwen_magicoder	layers.35.self_attn.k_proj	35	k_proj	61	0.8585859731328292	0.8585838097773615	2.1633554677494237e-06	-0.0003832799794732547	0.0003800586354537083	0.4262295081967213
qwen_magicoder	layers.35.self_attn.o_proj	35	o_proj	61	0.8585859731328292	0.8589781224727631	-0.0003921493399338644	-0.0009279228441539357	0.00014382365663520588	0.5245901639344263
qwen_magicoder	layers.35.self_attn.q_proj	35	q_proj	61	0.8585859731328292	0.8588625199970652	-0.0002765468642359874	-0.0007161308599055791	0.00015195169043345376	0.4262295081967213
qwen_magicoder	layers.35.self_attn.v_proj	35	v_proj	61	0.8585859731328292	0.8588649512070125	-0.00027897807418322953	-0.0007821006242369041	0.00020487019028819962	0.4918032786885246
qwen_magicoder	layers.4.mlp.down_proj	4	down_proj	61	0.8585859731328292	0.858864502584348	-0.0002785294515187623	-0.0007499072914485071	0.00017914452635851052	0.45901639344262296
qwen_magicoder	layers.4.mlp.gate_proj	4	gate_proj	61	0.8585859731328292	0.8591500694145922	-0.000564096281762983	-0.0010653817965114703	-0.00010039570329130733	0.45901639344262296
qwen_magicoder	layers.4.mlp.up_proj	4	up_proj	61	0.8585859731328292	0.8586691113524749	-8.313821964576596e-05	-0.0006662905582639038	0.0004984643127097458	0.5245901639344263
qwen_magicoder	layers.4.self_attn.k_proj	4	k_proj	61	0.8585859731328292	0.8585127601858045	7.321294702467372e-05	-0.0004505320253675101	0.000604252947769204	0.5081967213114754
qwen_magicoder	layers.4.self_attn.o_proj	4	o_proj	61	0.8585859731328292	0.8587109287742709	-0.0001249556414416579	-0.0006183145781520937	0.0003590569968839156	0.47540983606557374
qwen_magicoder	layers.4.self_attn.q_proj	4	q_proj	61	0.8585859731328292	0.8587765390755701	-0.00019056594274083122	-0.000718508343227574	0.00031954686722305886	0.5081967213114754
qwen_magicoder	layers.4.self_attn.v_proj	4	v_proj	61	0.8585859731328292	0.8589106820157317	-0.00032470888290248934	-0.0008588625728839733	0.0002196047485607568	0.4426229508196721
qwen_magicoder	layers.5.mlp.down_proj	5	down_proj	61	0.8585859731328292	0.8587281992200946	-0.00014222608726532733	-0.0005472498900089107	0.0002761023027486488	0.45901639344262296
qwen_magicoder	layers.5.mlp.gate_proj	5	gate_proj	61	0.8585859731328292	0.8587044964804024	-0.00011852334757320217	-0.000615322577660201	0.0003729163501106323	0.5081967213114754
qwen_magicoder	layers.5.mlp.up_proj	5	up_proj	61	0.8585859731328292	0.8588575978503853	-0.0002716247175560623	-0.000713034884118643	0.0001804831514104468	0.4918032786885246
qwen_magicoder	layers.5.self_attn.k_proj	5	k_proj	61	0.8585859731328292	0.8589699027723954	-0.0003839296395661401	-0.0008469208097848735	8.215433994277533e-05	0.4098360655737705
qwen_magicoder	layers.5.self_attn.o_proj	5	o_proj	61	0.8585859731328292	0.858761024523954	-0.00017505139112472534	-0.000650099301558049	0.00027675418580164587	0.45901639344262296
qwen_magicoder	layers.5.self_attn.q_proj	5	q_proj	61	0.8585859731328292	0.8586475251883757	-6.155205554649478e-05	-0.0005328479909994564	0.0004081827267760135	0.4098360655737705
qwen_magicoder	layers.5.self_attn.v_proj	5	v_proj	61	0.8585859731328292	0.8591463255589126	-0.0005603524260833615	-0.0010534817780383297	-4.49723457215264e-05	0.3114754098360656
qwen_magicoder	layers.6.mlp.down_proj	6	down_proj	61	0.8585859731328292	0.8591787401037138	-0.0005927669708846045	-0.0011337318137043812	-4.562676319333386e-05	0.4262295081967213
qwen_magicoder	layers.6.mlp.gate_proj	6	gate_proj	61	0.8585859731328292	0.8589949480822829	-0.00040897494945369784	-0.0009347115719660383	9.972286700713798e-05	0.3770491803278688
qwen_magicoder	layers.6.mlp.up_proj	6	up_proj	61	0.8585859731328292	0.8590245113753882	-0.00043853824255896394	-0.0010036603776646443	0.00012396710207227752	0.4262295081967213
qwen_magicoder	layers.6.self_attn.k_proj	6	k_proj	61	0.8585859731328292	0.8587803982320379	-0.0001944250992087067	-0.0006731352936781821	0.0002807540696908209	0.45901639344262296
qwen_magicoder	layers.6.self_attn.o_proj	6	o_proj	61	0.8585859731328292	0.8589197172493231	-0.000333744116493913	-0.0007840012642936628	0.0001179775406346944	0.4098360655737705
qwen_magicoder	layers.6.self_attn.q_proj	6	q_proj	61	0.8585859731328292	0.8585720238138418	1.3949318987424257e-05	-0.000493141587396137	0.0005106686354904866	0.5245901639344263
qwen_magicoder	layers.6.self_attn.v_proj	6	v_proj	61	0.8585859731328292	0.8588398723084418	-0.00025389917561265287	-0.000728853675918501	0.00021959891329046137	0.4262295081967213
qwen_magicoder	layers.7.mlp.down_proj	7	down_proj	61	0.8585859731328292	0.8591150323875615	-0.0005290592547322883	-0.0009395532615360665	-0.00010334964475182306	0.36065573770491804
qwen_magicoder	layers.7.mlp.gate_proj	7	gate_proj	61	0.8585859731328292	0.8587021859454327	-0.00011621281260349711	-0.0005660693970371464	0.00035243557735544715	0.4262295081967213
qwen_magicoder	layers.7.mlp.up_proj	7	up_proj	61	0.8585859731328292	0.8591184749222193	-0.0005325017893900636	-0.000970549893672349	-8.485106537576583e-05	0.29508196721311475
qwen_magicoder	layers.7.self_attn.k_proj	7	k_proj	61	0.8585859731328292	0.8586908382226209	-0.00010486508979172003	-0.0005780401654907915	0.0003542535556632964	0.4918032786885246
qwen_magicoder	layers.7.self_attn.o_proj	7	o_proj	61	0.8585859731328292	0.8589777591042831	-0.00039178597145393245	-0.000819705145769432	2.9412687557642374e-05	0.4098360655737705
qwen_magicoder	layers.7.self_attn.q_proj	7	q_proj	61	0.8585859731328292	0.858834586060438	-0.00024861292760880265	-0.0006775841605467874	0.00018818136609968558	0.4098360655737705
qwen_magicoder	layers.7.self_attn.v_proj	7	v_proj	61	0.8585859731328292	0.8587790022863716	-0.00019302915354244045	-0.0006107514754670565	0.00022744342806886442	0.47540983606557374
qwen_magicoder	layers.8.mlp.down_proj	8	down_proj	61	0.8585859731328292	0.8591221316916043	-0.000536158558775167	-0.0010687442129996955	1.452790848055755e-05	0.4426229508196721
qwen_magicoder	layers.8.mlp.gate_proj	8	gate_proj	61	0.8585859731328292	0.8588554976416416	-0.0002695245088123884	-0.0008618198487846578	0.00028040462830027595	0.45901639344262296
qwen_magicoder	layers.8.mlp.up_proj	8	up_proj	61	0.8585859731328292	0.8588989750772226	-0.00031300194439340813	-0.0007341516066770084	0.00010968336194265037	0.4262295081967213
qwen_magicoder	layers.8.self_attn.k_proj	8	k_proj	61	0.8585859731328292	0.8588678062450691	-0.00028183311223983765	-0.0006443737593830609	6.975378291528632e-05	0.4426229508196721
qwen_magicoder	layers.8.self_attn.o_proj	8	o_proj	61	0.8585859731328292	0.858940639701046	-0.00035466656821673035	-0.0008442275714678843	0.00013140088527417568	0.47540983606557374
qwen_magicoder	layers.8.self_attn.q_proj	8	q_proj	61	0.8585859731328292	0.8588001895390573	-0.00021421640622811238	-0.0007097341120243072	0.00026682667800637523	0.4918032786885246
qwen_magicoder	layers.8.self_attn.v_proj	8	v_proj	61	0.8585859731328292	0.858890276585446	-0.00030430345261683227	-0.000849487626406013	0.00021525391179029961	0.4918032786885246
qwen_magicoder	layers.9.mlp.down_proj	9	down_proj	61	0.8585859731328292	0.858934321852981	-0.00034834872015187	-0.0007989146029118631	8.41619080451668e-05	0.4426229508196721
qwen_magicoder	layers.9.mlp.gate_proj	9	gate_proj	61	0.8585859731328292	0.858880837676955	-0.000294864544125854	-0.0007742186947191348	0.00016262090047363358	0.4262295081967213
qwen_magicoder	layers.9.mlp.up_proj	9	up_proj	61	0.8585859731328292	0.8588967672625526	-0.0003107941297234082	-0.0008756742705820036	0.00025110745833056836	0.4918032786885246
qwen_magicoder	layers.9.self_attn.k_proj	9	k_proj	61	0.8585859731328292	0.8585967448402624	-1.0771707433169005e-05	-0.00037992705331474054	0.0003762334676795317	0.5081967213114754
qwen_magicoder	layers.9.self_attn.o_proj	9	o_proj	61	0.8585859731328292	0.8588473270418214	-0.0002613539089922045	-0.0007968475339842623	0.00027158217596226004	0.4426229508196721
qwen_magicoder	layers.9.self_attn.q_proj	9	q_proj	61	0.8585859731328292	0.8586437005977161	-5.772746488696239e-05	-0.0005563930012896412	0.0004459109706956832	0.4918032786885246
qwen_magicoder	layers.9.self_attn.v_proj	9	v_proj	61	0.8585859731328292	0.8585702232161506	1.5749916678569356e-05	-0.00042066498980170393	0.00042797162762430813	0.5081967213114754
