cohort	outcome	feature	family	sources	raw_spearman	within_base_spearman	within_base_task_spearman	within_base_task_pearson	permutation_p	exact_seed_permutations	fdr_q
source18	target	shannon_eff_rank	source	18	-0.160206910891181	0.4151025494769678	-0.4008918628686366	-0.03140631736299037	0.18964334705075445	46656	0.8850022862368541
source18	off_score	shannon_eff_rank	source	18	-0.4901960784313725	0.4	-0.5000000000000001	-0.43011149643912555	0.1143261316872428	46656	0.21825897867564537
source18	forgetting_gap	shannon_eff_rank	source	18	-0.06950300958302082	-0.6134670389756931	0.3651483716701107	0.4289664227210585	0.2824074074074074	46656	0.5391414141414141
source18	hns_target_gain	shannon_eff_rank	source	18	-0.47520686514272414	-0.020920685218893075	0.13055824196677338	0.2903251560168159	0.7165637860082305	46656	0.9511442336645588
source18	hns_off_gain	shannon_eff_rank	source	18	-0.22187822497420018	-0.5416666666666666	0.33333333333333337	0.5393707318428269	0.3191872427983539	46656	0.6383744855967078
source18	hns_forgetting_reduction	shannon_eff_rank	source	18	-0.13796866081405623	-0.6134670389756931	0.09128709291752768	0.2970332861933508	0.8868312757201646	46656	0.9550490661601773
source18	target	r2_participation	source	18	-0.12403115681897885	0.4151025494769678	-0.4008918628686366	0.042884790901485136	0.18964334705075445	46656	0.8850022862368541
source18	off_score	r2_participation	source	18	-0.4427244582043343	0.4	-0.5000000000000001	-0.45768206534331995	0.1143261316872428	46656	0.21825897867564537
source18	forgetting_gap	r2_participation	source	18	-0.11722149377434854	-0.6134670389756931	0.3651483716701107	0.4455248941071002	0.2824074074074074	46656	0.5391414141414141
source18	hns_target_gain	r2_participation	source	18	-0.4276861786284517	-0.020920685218893075	0.13055824196677338	0.26391962991212214	0.7165637860082305	46656	0.9511442336645588
source18	hns_off_gain	r2_participation	source	18	-0.27554179566563464	-0.5416666666666666	0.33333333333333337	0.5794104144449694	0.3191872427983539	46656	0.6383744855967078
source18	hns_forgetting_reduction	r2_participation	source	18	-0.17738827818950087	-0.6134670389756931	0.09128709291752768	0.2986808351672984	0.8868312757201646	46656	0.9550490661601773
source18	target	stable_rank	source	18	-0.0537468346215575	0.448646189838743	-0.0445435403187374	0.3808096564713016	0.9567901234567902	46656	0.95679012345679
source18	off_score	stable_rank	source	18	-0.3560371517027863	0.4	-0.5000000000000001	-0.3186780073714077	0.1143261316872428	46656	0.21825897867564537
source18	forgetting_gap	stable_rank	source	18	-0.2022848786371501	-0.5966597228393727	0.3651483716701107	0.2911511785150082	0.2824074074074074	46656	0.5391414141414141
source18	hns_target_gain	stable_rank	source	18	-0.3977274849564104	-0.03347309635022892	0.08703882797784893	0.093084096399315	0.8297325102880658	46656	0.9511442336645588
source18	hns_off_gain	stable_rank	source	18	-0.3415892672858617	-0.5333333333333333	0.41666666666666674	0.5038718357500469	0.19920267489711935	46656	0.6383744855967078
source18	hns_forgetting_reduction	stable_rank	source	18	-0.25000336282847785	-0.6050633809075329	0.09128709291752768	0.08843574701662547	0.8868312757201646	46656	0.9550490661601773
source18	target	flatness	source	18	-0.22945764011511086	0.4151025494769678	-0.4008918628686366	0.01687430403493379	0.18964334705075445	46656	0.8850022862368541
source18	off_score	flatness	source	18	-0.5851393188854489	0.4	-0.5000000000000001	-0.3447258063011346	0.1143261316872428	46656	0.21825897867564537
source18	forgetting_gap	flatness	source	18	0.03838225902345926	-0.6134670389756931	0.3651483716701107	0.32418434034652954	0.2824074074074074	46656	0.5391414141414141
source18	hns_target_gain	flatness	source	18	-0.576446588586174	-0.020920685218893075	0.13055824196677338	0.297951316737667	0.7165637860082305	46656	0.9511442336645588
source18	hns_off_gain	flatness	source	18	-0.12693498452012383	-0.5416666666666666	0.33333333333333337	0.45180476126308095	0.3191872427983539	46656	0.6383744855967078
source18	hns_forgetting_reduction	flatness	source	18	-0.03838225902345926	-0.6134670389756931	0.09128709291752768	0.18519369195254476	0.8868312757201646	46656	0.9550490661601773
source18	target	gini	source	18	0.29560759041856627	-0.2976998082107547	0.2672612419124244	-0.1184961047132828	0.3950617283950617	46656	0.9319319319319319
source18	off_score	gini	source	18	0.5686274509803921	-0.4666666666666667	0.5833333333333334	0.3405449085886204	0.05757030178326475	46656	0.20149605624142664
source18	forgetting_gap	gini	source	18	-0.05083055924728388	0.5714487486348921	-0.45643546458763845	-0.31604435130180286	0.15895061728395063	46656	0.5391414141414141
source18	hns_target_gain	gini	source	18	0.6363639759302566	0.17154961879492323	-0.2175970699446223	-0.2891443443490306	0.5046296296296297	46656	0.9511442336645588
source18	hns_off_gain	gini	source	18	0.10010319917440659	0.4583333333333333	-0.5000000000000001	-0.4566511156481679	0.1143261316872428	46656	0.6002121913580247
source18	hns_forgetting_reduction	gini	source	18	0.052905275951254646	0.655485329316494	-0.18257418583505536	-0.15641880764686353	0.6450617283950617	46656	0.9550490661601773
source18	target	decay_slope	source	18	-0.5932823667841155	-0.43187436965785536	0.0890870806374748	0.21793417037220325	0.8209876543209876	46656	0.9319319319319319
source18	off_score	decay_slope	source	18	-0.4881320949432404	0.7166666666666667	-0.25000000000000006	-0.20232863164151915	0.4834533607681756	46656	0.7001738328366681
source18	forgetting_gap	decay_slope	source	18	0.01556037527978078	-0.5966597228393727	0.09128709291752768	0.17271070327559626	0.8868312757201646	46656	0.9550490661601773
source18	hns_target_gain	decay_slope	source	18	-0.5289259020719016	0.14644479653225154	-0.04351941398892446	0.2718485466413421	0.9284979423868313	46656	0.9511442336645588
source18	hns_off_gain	decay_slope	source	18	-0.16408668730650153	-0.5833333333333334	0.41666666666666674	0.3004026479580834	0.19920267489711935	46656	0.6383744855967078
source18	hns_forgetting_reduction	decay_slope	source	18	-0.12966979399817316	-0.7395219099980958	-0.18257418583505536	0.01295061991241674	0.6450617283950617	46656	0.9550490661601773
source18	target	erank_energy	source	18	-0.12403115681897885	0.4151025494769678	-0.4008918628686366	0.1916301408394554	0.18964334705075445	46656	0.8850022862368541
source18	off_score	erank_energy	source	18	-0.4427244582043343	0.4	-0.5000000000000001	-0.43223007077857095	0.1143261316872428	46656	0.21825897867564537
source18	forgetting_gap	erank_energy	source	18	-0.11722149377434854	-0.6134670389756931	0.3651483716701107	0.4039299950331944	0.2824074074074074	46656	0.5391414141414141
source18	hns_target_gain	erank_energy	source	18	-0.4276861786284517	-0.020920685218893075	0.13055824196677338	0.23954898389035265	0.7165637860082305	46656	0.9511442336645588
source18	hns_off_gain	erank_energy	source	18	-0.27554179566563464	-0.5416666666666666	0.33333333333333337	0.5590669873584064	0.3191872427983539	46656	0.6383744855967078
source18	hns_forgetting_reduction	erank_energy	source	18	-0.17738827818950087	-0.6134670389756931	0.09128709291752768	0.23124715002929444	0.8868312757201646	46656	0.9550490661601773
source18	target	entropy_gap	source	18	0.12403115681897885	-0.4151025494769678	0.4008918628686366	-0.06574759215202641	0.18964334705075445	46656	0.8850022862368541
source18	off_score	entropy_gap	source	18	0.4427244582043343	-0.4	0.5000000000000001	0.46578933153388136	0.1143261316872428	46656	0.21825897867564537
source18	forgetting_gap	entropy_gap	source	18	0.11722149377434854	0.6134670389756931	-0.3651483716701107	-0.45980601974925867	0.2824074074074074	46656	0.5391414141414141
source18	hns_target_gain	entropy_gap	source	18	0.4276861786284517	0.020920685218893075	-0.13055824196677338	-0.21617382802769966	0.7165637860082305	46656	0.9511442336645588
source18	hns_off_gain	entropy_gap	source	18	0.27554179566563464	0.5416666666666666	-0.33333333333333337	-0.6054877401120256	0.3191872427983539	46656	0.6383744855967078
source18	hns_forgetting_reduction	entropy_gap	source	18	0.17738827818950087	0.6134670389756931	-0.09128709291752768	-0.31367681624792676	0.8868312757201646	46656	0.9550490661601773
source18	target	hill_tail_contrast	source	18	0.5116285218782878	0.20126184217065105	-0.0890870806374748	-0.21088870195794773	0.8209876543209876	46656	0.9319319319319319
source18	off_score	hill_tail_contrast	source	18	0.5128998968008255	-0.6416666666666667	0.5000000000000001	0.2479146713353998	0.1143261316872428	46656	0.21825897867564537
source18	forgetting_gap	hill_tail_contrast	source	18	-0.05083055924728388	0.5126231421577709	-0.3651483716701107	-0.2023871627900951	0.2824074074074074	46656	0.5391414141414141
source18	hns_target_gain	hill_tail_contrast	source	18	0.5867771726110159	-0.004184137043778615	0.04351941398892446	-0.26057353818417817	0.9284979423868313	46656	0.9511442336645588
source18	hns_off_gain	hill_tail_contrast	source	18	0.12693498452012383	0.5083333333333333	-0.5833333333333334	-0.34838911465631084	0.05757030178326475	46656	0.6002121913580247
source18	hns_forgetting_reduction	hill_tail_contrast	source	18	0.09439961003067006	0.6806963035209745	-0.09128709291752768	-0.04024180007499219	0.8868312757201646	46656	0.9550490661601773
source18	target	d_flat_l1	source	18	0.27596932392222795	-0.327050493527308	0.2672612419124244	-0.022809261454409573	0.3950617283950617	46656	0.9319319319319319
source18	off_score	d_flat_l1	source	18	0.5686274509803921	-0.4666666666666667	0.41666666666666674	0.27176673974315035	0.19920267489711935	46656	0.34860468106995884
source18	forgetting_gap	d_flat_l1	source	18	-0.0352701839675031	0.6218706970438532	-0.27386127875258304	-0.23684858427739222	0.4367283950617284	46656	0.6793552812071331
source18	hns_target_gain	d_flat_l1	source	18	0.620868099892994	0.1338923854009157	-0.2175970699446223	-0.34171821285411247	0.5046296296296297	46656	0.9511442336645588
source18	hns_off_gain	d_flat_l1	source	18	0.11661506707946336	0.525	-0.25000000000000006	-0.36746555212033144	0.4834533607681756	46656	0.7251800411522634
source18	hns_forgetting_reduction	d_flat_l1	source	18	0.060166784415152344	0.6806963035209745	0.0	-0.08976781541344879	1.0	46656	1.0
source18	target	soft_rank	source	18	-0.1188631919515214	0.4360673247030773	-0.1781741612749496	0.27156550593715095	0.6111111111111112	46656	0.9319319319319319
source18	off_score	soft_rank	source	18	-0.4427244582043343	0.4	-0.5000000000000001	-0.40837830586721885	0.1143261316872428	46656	0.21825897867564537
source18	forgetting_gap	soft_rank	source	18	-0.11618413542236315	-0.6050633809075329	0.3651483716701107	0.3840084695184586	0.2824074074074074	46656	0.5391414141414141
source18	hns_target_gain	soft_rank	source	18	-0.43285147064087265	-0.025104822262671692	0.08703882797784893	0.1479328645454819	0.8297325102880658	46656	0.9511442336645588
source18	hns_off_gain	soft_rank	source	18	-0.26934984520123834	-0.5416666666666666	0.33333333333333337	0.5595434212017251	0.3191872427983539	46656	0.6383744855967078
source18	hns_forgetting_reduction	soft_rank	source	18	-0.17842563654148627	-0.6134670389756931	0.09128709291752768	0.19488903131275254	0.8868312757201646	46656	0.9550490661601773
source18	target	head_tail	source	18	0.4103364104761217	-0.03354364036177518	0.1781741612749496	-0.1752673628442274	0.6111111111111112	46656	0.9319319319319319
source18	off_score	head_tail	source	18	0.5356037151702786	-0.6	0.08333333333333334	0.28270809304373834	0.8846879286694102	46656	0.977812973792506
source18	forgetting_gap	head_tail	source	18	-0.04875584254331311	0.5546414324985718	0.09128709291752768	-0.25395017572082257	0.8868312757201646	46656	0.9550490661601773
source18	hns_target_gain	head_tail	source	18	0.6849177208470133	0.2761530448893886	0.0	-0.2830054424197172	1.0	46656	1.0
source18	hns_off_gain	head_tail	source	18	0.10010319917440659	0.49166666666666664	0.0	-0.3993900553069626	1.0	46656	1.0
source18	hns_forgetting_reduction	head_tail	source	18	0.07780187639890389	0.7143109357936152	0.3651483716701107	-0.09156122433723887	0.2824074074074074	46656	0.7413194444444444
source18	target	erank_iqr	source	18	0.16330768981165547	-0.11320978622099122	0.7126966450997984	0.5676853029118225	0.013717421124828532	46656	0.5761316872427983
source18	off_score	erank_iqr	source	18	0.283797729618163	-0.5583333333333333	0.25000000000000006	0.046277321490131904	0.4834533607681756	46656	0.7001738328366681
source18	forgetting_gap	erank_iqr	source	18	0.2863109051479663	0.7311182519299355	-0.09128709291752768	0.01346854102582378	0.8868312757201646	46656	0.9550490661601773
source18	hns_target_gain	erank_iqr	source	18	0.2789257686707294	-0.20083857810137354	-0.3046358979224712	-0.46541153415830955	0.3293895747599451	46656	0.9511442336645588
source18	hns_off_gain	erank_iqr	source	18	0.4716202270381836	0.7833333333333333	0.08333333333333334	-0.050825139310837396	0.8846879286694102	46656	1.0
source18	hns_forgetting_reduction	erank_iqr	source	18	0.3029086387797325	0.6218706970438532	-0.3651483716701107	-0.04598744274445502	0.2824074074074074	46656	0.7413194444444444
source18	target	erank_depth_slope	source	18	0.744186940913873	0.733767132913832	-0.0445435403187374	-0.5481502308781282	0.9567901234567902	46656	0.95679012345679
source18	off_score	erank_depth_slope	source	18	0.4447884416924664	0.03333333333333333	0.7500000000000001	0.3771259054143457	0.010502400548696845	46656	0.07351680384087791
source18	forgetting_gap	erank_depth_slope	source	18	-0.4128686240901833	-0.42858656147616914	-0.6390096504226938	-0.298632342676448	0.036265432098765434	46656	0.2175925925925926
source18	hns_target_gain	erank_depth_slope	source	18	0.34194233122226453	0.012552411131335846	-0.08703882797784893	0.14275212224969525	0.8297325102880658	46656	0.9511442336645588
source18	hns_off_gain	erank_depth_slope	source	18	-0.2899896800825593	-0.35833333333333334	-0.7500000000000001	-0.44256088565627155	0.010502400548696845	46656	0.22055041152263374
source18	hns_forgetting_reduction	erank_depth_slope	source	18	-0.2468912877725217	-0.21009145170400448	-0.3651483716701107	-0.21006184581837045	0.2824074074074074	46656	0.7413194444444444
source18	target	erank_depth_slope_normalized	source	18	0.744186940913873	0.733767132913832	-0.0445435403187374	-0.5383867642816373	0.9567901234567902	46656	0.95679012345679
source18	off_score	erank_depth_slope_normalized	source	18	0.4447884416924664	0.03333333333333333	0.7500000000000001	0.3692274542698538	0.010502400548696845	46656	0.07351680384087791
source18	forgetting_gap	erank_depth_slope_normalized	source	18	-0.4128686240901833	-0.42858656147616914	-0.6390096504226938	-0.29549080985332365	0.036265432098765434	46656	0.2175925925925926
source18	hns_target_gain	erank_depth_slope_normalized	source	18	0.34194233122226453	0.012552411131335846	-0.08703882797784893	0.15076352707641094	0.8297325102880658	46656	0.9511442336645588
source18	hns_off_gain	erank_depth_slope_normalized	source	18	-0.2899896800825593	-0.35833333333333334	-0.7500000000000001	-0.43665087357516186	0.010502400548696845	46656	0.22055041152263374
source18	hns_forgetting_reduction	erank_depth_slope_normalized	source	18	-0.2468912877725217	-0.21009145170400448	-0.3651483716701107	-0.21374749317086164	0.2824074074074074	46656	0.7413194444444444
source18	target	erank_attn_mlp_gap	source	18	-0.4134371893965961	-0.5325052907431809	0.22271770159368698	-0.05860749548053529	0.5030864197530864	46656	0.9319319319319319
source18	off_score	erank_attn_mlp_gap	source	18	-0.28173374613003094	-0.25	0.25000000000000006	0.2534076472735188	0.4834533607681756	46656	0.7001738328366681
source18	forgetting_gap	erank_attn_mlp_gap	source	18	0.5746965269999035	0.4537975356806497	-0.18257418583505536	-0.2311603664114572	0.6450617283950617	46656	0.9342273307790548
source18	hns_target_gain	erank_attn_mlp_gap	source	18	-0.192148862862058	-0.03765723339400753	-0.08703882797784893	-0.3091659389906301	0.8297325102880658	46656	0.9511442336645588
source18	hns_off_gain	erank_attn_mlp_gap	source	18	0.609907120743034	0.4083333333333333	0.08333333333333334	-0.2565503011565491	0.8846879286694102	46656	1.0
source18	hns_forgetting_reduction	erank_attn_mlp_gap	source	18	0.5622482267760788	0.5126231421577709	0.09128709291752768	-0.13070041630304033	0.8868312757201646	46656	0.9550490661601773
source18	target	gamma_param	source	18						46656	
source18	off_score	gamma_param	source	18						46656	
source18	forgetting_gap	gamma_param	source	18						46656	
source18	hns_target_gain	gamma_param	source	18						46656	
source18	hns_off_gain	gamma_param	source	18						46656	
source18	hns_forgetting_reduction	gamma_param	source	18						46656	
source18	target	eta_param	source	18						46656	
source18	off_score	eta_param	source	18						46656	
source18	forgetting_gap	eta_param	source	18						46656	
source18	hns_target_gain	eta_param	source	18						46656	
source18	hns_off_gain	eta_param	source	18						46656	
source18	hns_forgetting_reduction	eta_param	source	18						46656	
source18	target	fro_ratio	source	18						46656	
source18	off_score	fro_ratio	source	18						46656	
source18	forgetting_gap	fro_ratio	source	18						46656	
source18	hns_target_gain	fro_ratio	source	18						46656	
source18	hns_off_gain	fro_ratio	source	18						46656	
source18	hns_forgetting_reduction	fro_ratio	source	18						46656	
source18	target	original_head1_retention	source	18						46656	
source18	off_score	original_head1_retention	source	18						46656	
source18	forgetting_gap	original_head1_retention	source	18						46656	
source18	hns_target_gain	original_head1_retention	source	18						46656	
source18	hns_off_gain	original_head1_retention	source	18						46656	
source18	hns_forgetting_reduction	original_head1_retention	source	18						46656	
source18	target	previous_mean_entropy_rank	source	18	-0.15400535305023205	0.4402602797482992	-0.1336306209562122	0.004914286236978988	0.6944444444444444	46656	0.9319319319319319
source18	off_score	previous_mean_entropy_rank	source	18	-0.4819401444788441	0.4083333333333333	-0.41666666666666674	-0.3445933820171438	0.19920267489711935	46656	0.34860468106995884
source18	forgetting_gap	previous_mean_entropy_rank	source	18	-0.08298866815883083	-0.6134670389756931	0.27386127875258304	0.3237082957215655	0.4367283950617284	46656	0.6793552812071331
source18	hns_target_gain	previous_mean_entropy_rank	source	18	-0.47520686514272414	-0.020920685218893075	0.2175970699446223	0.28555260670814936	0.5046296296296297	46656	0.9511442336645588
source18	hns_off_gain	previous_mean_entropy_rank	source	18	-0.22187822497420018	-0.5416666666666666	0.33333333333333337	0.4699804411148642	0.3191872427983539	46656	0.6383744855967078
source18	hns_forgetting_reduction	previous_mean_entropy_rank	source	18	-0.14523016927795393	-0.6134670389756931	0.0	0.18663041527095203	1.0	46656	1.0
source18	target	base_left_overlap_k16	source	18	0.1839795492814853	-0.2976998082107547	-0.0445435403187374	0.05791780586206083	0.9567901234567902	46656	0.95679012345679
source18	off_score	base_left_overlap_k16	source	18	0.8885448916408668	0.65	0.0	-0.19891910797309545	1.0	46656	1.0
source18	forgetting_gap	base_left_overlap_k16	source	18	-0.5726218102959326	-0.5546414324985718	0.09128709291752768	0.32078786811491167	0.8868312757201646	46656	0.9550490661601773
source18	hns_target_gain	base_left_overlap_k16	source	18	0.6022730486482786	0.2510482226267169	-0.3046358979224712	-0.38198127010222444	0.3293895747599451	46656	0.9511442336645588
source18	hns_off_gain	base_left_overlap_k16	source	18	-0.43859649122807015	-0.6166666666666667	-0.08333333333333334	0.26791738430704276	0.8846879286694102	46656	1.0
source18	hns_forgetting_reduction	base_left_overlap_k16	source	18	-0.5580987933681373	-0.6722926454528143	-0.18257418583505536	0.27726105152350705	0.6450617283950617	46656	0.9550490661601773
source18	target	base_right_overlap_k16	source	18	-0.5323003813481175	-0.6624868971450597	0.1781741612749496	-0.3096382155658738	0.6111111111111112	46656	0.9319319319319319
source18	off_score	base_right_overlap_k16	source	18	-0.10629514963880288	0.008333333333333333	0.08333333333333334	0.06098027517337791	0.8846879286694102	46656	0.977812973792506
source18	forgetting_gap	base_right_overlap_k16	source	18	0.41183126573819795	0.3529536388627275	0.09128709291752768	-0.10702514154116945	0.8868312757201646	46656	0.9550490661601773
source18	hns_target_gain	base_right_overlap_k16	source	18	-0.27066130145085593	-0.18410202992625907	0.08703882797784893	0.07523834740653276	0.8297325102880658	46656	0.9511442336645588
source18	hns_off_gain	base_right_overlap_k16	source	18	0.457172342621259	0.26666666666666666	-0.08333333333333334	-0.24347355874378102	0.8846879286694102	46656	1.0
source18	hns_forgetting_reduction	base_right_overlap_k16	source	18	0.39730824881040255	0.30253169045376643	0.3651483716701107	0.08649398511586545	0.2824074074074074	46656	0.7413194444444444
source18	target	base_bilateral_overlap_k16	source	18	-0.10025851842867457	-0.6708728072355035	0.0890870806374748	0.2003395897465917	0.8209876543209876	46656	0.9319319319319319
source18	off_score	base_bilateral_overlap_k16	source	18	0.46336429308565524	-0.016666666666666666	-0.16666666666666669	-0.06153713111051834	0.6737825788751715	46656	0.8843396347736625
source18	forgetting_gap	base_bilateral_overlap_k16	source	18	0.09336225167868467	0.38656827113536824	0.27386127875258304	0.07335620964441393	0.4367283950617284	46656	0.6793552812071331
source18	hns_target_gain	base_bilateral_overlap_k16	source	18	0.28202494387818194	-0.1422606594884729	0.26111648393354675	-0.26643872523481615	0.4291838134430727	46656	0.9511442336645588
source18	hns_off_gain	base_bilateral_overlap_k16	source	18	0.24045407636738902	0.275	0.0	0.005466216597165775	1.0	46656	1.0
source18	hns_forgetting_reduction	base_bilateral_overlap_k16	source	18	0.12033356883030469	0.33614632272640715	0.5477225575051661	0.14078146679416326	0.0787037037037037	46656	0.7413194444444444
source18	target	base_left_overlap_k4	source	18	0.1291991216864363	-0.4360673247030773	0.0890870806374748	0.1831658520642813	0.8209876543209876	46656	0.9319319319319319
source18	off_score	base_left_overlap_k4	source	18	0.8988648090815272	0.7	0.16666666666666669	-0.18101581649183798	0.6737825788751715	46656	0.8843396347736625
source18	forgetting_gap	base_left_overlap_k4	source	18	-0.5591361517201227	-0.5462377744304117	-0.09128709291752768	0.2822356949920346	0.8868312757201646	46656	0.9550490661601773
source18	hns_target_gain	base_left_overlap_k4	source	18	0.5630168293538796	0.1338923854009157	-0.3481553119113957	-0.4420319236968803	0.2690329218106996	46656	0.9511442336645588
source18	hns_off_gain	base_left_overlap_k4	source	18	-0.42002063983488125	-0.6083333333333333	0.0	0.20130440423361362	1.0	46656	1.0
source18	hns_forgetting_reduction	base_left_overlap_k4	source	18	-0.5134923842327657	-0.5546414324985718	0.18257418583505536	0.27197986985001155	0.6450617283950617	46656	0.9550490661601773
source18	target	base_right_overlap_k4	source	18	-0.5323003813481175	-0.6624868971450597	0.1781741612749496	-0.28832046910118525	0.6111111111111112	46656	0.9319319319319319
source18	off_score	base_right_overlap_k4	source	18	-0.11455108359133126	0.0	0.0	0.044343994333952474	1.0	46656	1.0
source18	forgetting_gap	base_right_overlap_k4	source	18	0.4242795659620226	0.3613572969308877	0.18257418583505536	-0.09125259438391772	0.6450617283950617	46656	0.9342273307790548
source18	hns_target_gain	base_right_overlap_k4	source	18	-0.2665290678409192	-0.1673654817511446	0.17407765595569785	0.07100058417111788	0.6075102880658436	46656	0.9511442336645588
source18	hns_off_gain	base_right_overlap_k4	source	18	0.4592363261093911	0.275	0.0	-0.22240655201574253	1.0	46656	1.0
source18	hns_forgetting_reduction	base_right_overlap_k4	source	18	0.40353239892231485	0.3109353485219266	0.45643546458763845	0.09745367383243904	0.15895061728395063	46656	0.7413194444444444
source18	target	base_bilateral_overlap_k4	source	18	-0.10858330521658059	-0.67227484179974	0.09100315103865801	0.2990166784592995	0.8168724279835391	46656	0.9319319319319319
source18	off_score	base_bilateral_overlap_k4	source	18	0.43985550518348293	0.0041753744434930825	0.04256282653793743	-0.16104275518243746	0.9622770919067215	46656	1.0
source18	forgetting_gap	base_bilateral_overlap_k4	source	18	0.10378940392671432	0.378954926600225	0.13987572123604705	0.17275586193127024	0.7227366255144033	46656	0.9550490661601773
source18	hns_target_gain	base_bilateral_overlap_k4	source	18	0.22273904783220327	-0.1991618632395916	-0.06668313367115805	-0.29722705890895035	0.872599451303155	46656	0.9511442336645588
source18	hns_off_gain	base_bilateral_overlap_k4	source	18	0.25503359103361567	0.27975008771403653	0.04256282653793743	0.16611184069583015	0.9622770919067215	46656	1.0
source18	hns_forgetting_reduction	base_bilateral_overlap_k4	source	18	0.13388833106546147	0.3326382133490864	0.4196271637081411	0.21268680711010038	0.18878600823045266	46656	0.7413194444444444
source18	target	base_left_overlap_k32	source	18	0.2832044747366684	-0.09643796604010363	-0.1336306209562122	-0.0466649634847653	0.6944444444444444	46656	0.9319319319319319
source18	off_score	base_left_overlap_k32	source	18	0.8782249742002063	0.6083333333333333	0.08333333333333334	-0.19561564396629047	0.8846879286694102	46656	0.977812973792506
source18	forgetting_gap	base_left_overlap_k32	source	18	-0.6182655777832896	-0.6722926454528143	0.0	0.30209757454903846	1.0	46656	1.0
source18	hns_target_gain	base_left_overlap_k32	source	18	0.6704549032122347	0.4184137043778615	-0.3046358979224712	-0.2071741616791738	0.3293895747599451	46656	0.9511442336645588
source18	hns_off_gain	base_left_overlap_k32	source	18	-0.5087719298245613	-0.775	-0.25000000000000006	0.28326876878248575	0.4834533607681756	46656	0.7251800411522634
source18	hns_forgetting_reduction	base_left_overlap_k32	source	18	-0.5663976601840204	-0.6722926454528143	-0.27386127875258304	0.23256530394845398	0.4367283950617284	46656	0.8337542087542087
source18	target	base_right_overlap_k32	source	18	-0.5323003813481175	-0.6624868971450597	0.1781741612749496	-0.3321769475451084	0.6111111111111112	46656	0.9319319319319319
source18	off_score	base_right_overlap_k32	source	18	-0.10629514963880288	0.008333333333333333	0.08333333333333334	0.06805948717505222	0.8846879286694102	46656	0.977812973792506
source18	forgetting_gap	base_right_overlap_k32	source	18	0.41183126573819795	0.3529536388627275	0.09128709291752768	-0.11201185803236982	0.8868312757201646	46656	0.9550490661601773
source18	hns_target_gain	base_right_overlap_k32	source	18	-0.27066130145085593	-0.18410202992625907	0.08703882797784893	0.07613443174302208	0.8297325102880658	46656	0.9511442336645588
source18	hns_off_gain	base_right_overlap_k32	source	18	0.457172342621259	0.26666666666666666	-0.08333333333333334	-0.2528132582154429	0.8846879286694102	46656	1.0
source18	hns_forgetting_reduction	base_right_overlap_k32	source	18	0.39730824881040255	0.30253169045376643	0.3651483716701107	0.08772841674940615	0.2824074074074074	46656	0.7413194444444444
source18	target	base_bilateral_overlap_k32	source	18	-0.09720791133674833	-0.6596696885159948	0.22750787759664504	0.1160572023849732	0.4693072702331962	46656	0.9319319319319319
source18	off_score	base_bilateral_overlap_k32	source	18	0.4759938682854123	0.008350748886986165	0.08512565307587486	-0.01775556168069136	0.8122427983539094	46656	0.977812973792506
source18	forgetting_gap	base_bilateral_overlap_k32	source	18	0.06486837745419645	0.3452700442357606	0.0	0.025850578055655264	1.0	46656	1.0
source18	hns_target_gain	base_bilateral_overlap_k32	source	18	0.2873385396628887	-0.13836508393487415	0.3111879571320709	-0.21478911259522337	0.33573388203017834	46656	0.9511442336645588
source18	hns_off_gain	base_bilateral_overlap_k32	source	18	0.22405785123196195	0.250522466609585	-0.2553769592276246	-0.06097213636491938	0.41358024691358025	46656	0.7251800411522634
source18	hns_forgetting_reduction	base_bilateral_overlap_k32	source	18	0.0949673045929436	0.29474272068906393	0.2797514424720941	0.1133779468201679	0.37602880658436216	46656	0.8337542087542087
source18	target	alpha_hill	source	18	-0.5116285218782878	-0.20126184217065105	0.0890870806374748	0.32061732585463376	0.8209876543209876	46656	0.9319319319319319
source18	off_score	alpha_hill	source	18	-0.5128998968008255	0.6416666666666667	-0.5000000000000001	-0.24041856080095123	0.1143261316872428	46656	0.21825897867564537
source18	forgetting_gap	alpha_hill	source	18	0.05083055924728388	-0.5126231421577709	0.3651483716701107	0.18787252175851077	0.2824074074074074	46656	0.5391414141414141
source18	hns_target_gain	alpha_hill	source	18	-0.5867771726110159	0.004184137043778615	-0.04351941398892446	0.16955503097428093	0.9284979423868313	46656	0.9511442336645588
source18	hns_off_gain	alpha_hill	source	18	-0.12693498452012383	-0.5083333333333333	0.5833333333333334	0.36697059169389923	0.05757030178326475	46656	0.6002121913580247
source18	hns_forgetting_reduction	alpha_hill	source	18	-0.09439961003067006	-0.6806963035209745	0.09128709291752768	-0.009102711284709939	0.8868312757201646	46656	0.9550490661601773
source18	target	alpha_hill_k4	source	18	-0.1612405038646725	0.4402602797482992	-0.4008918628686366	0.22756438474882645	0.18964334705075445	46656	0.8850022862368541
source18	off_score	alpha_hill_k4	source	18	-0.5624355005159958	0.24166666666666667	-0.8333333333333335	-0.2929512321890114	0.003129286694101509	46656	0.04381001371742113
source18	forgetting_gap	alpha_hill_k4	source	18	0.029046033855590788	-0.4369902195443293	0.7302967433402214	0.22412167699041005	0.013117283950617283	46656	0.18364197530864199
source18	hns_target_gain	alpha_hill_k4	source	18	-0.48760356597253435	0.012552411131335846	0.47871355387816905	0.3379614414933454	0.11316872427983539	46656	0.9511442336645588
source18	hns_off_gain	alpha_hill_k4	source	18	-0.12693498452012383	-0.4166666666666667	0.5000000000000001	0.37990341831732877	0.1143261316872428	46656	0.6002121913580247
source18	hns_forgetting_reduction	alpha_hill_k4	source	18	-0.024896600447649245	-0.42018290340800896	0.45643546458763845	0.05712110064959531	0.15895061728395063	46656	0.7413194444444444
source18	target	alpha_hill_k12	source	18	-0.6511635732996389	-0.5408912008336247	0.1336306209562122	0.2797168453806705	0.6944444444444444	46656	0.9319319319319319
source18	off_score	alpha_hill_k12	source	18	-0.4592363261093911	0.8083333333333333	0.08333333333333334	0.05655661086032726	0.8846879286694102	46656	0.977812973792506
source18	forgetting_gap	alpha_hill_k12	source	18	-0.026971317151620017	-0.655485329316494	-0.27386127875258304	-0.030229040496769326	0.4367283950617284	46656	0.6793552812071331
source18	hns_target_gain	alpha_hill_k12	source	18	-0.5485540117191011	0.0836827408755723	0.08703882797784893	0.15769169026556662	0.8297325102880658	46656	0.9511442336645588
source18	hns_off_gain	alpha_hill_k12	source	18	-0.19917440660474714	-0.65	0.0	0.06008192878350324	1.0	46656	1.0
source18	hns_forgetting_reduction	alpha_hill_k12	source	18	-0.15767846950177855	-0.7563292261344161	-0.5477225575051661	-0.19857969480949214	0.0787037037037037	46656	0.7413194444444444
source18	target	alpha_weighted_hill	source	18	0.6646002819550283	0.5450841558788466	-0.0890870806374748	0.601116182966507	0.8209876543209876	46656	0.9319319319319319
source18	off_score	alpha_weighted_hill	source	18	0.4943240454076367	0.24166666666666667	-0.33333333333333337	-0.20203070629705178	0.3191872427983539	46656	0.5362345679012346
source18	forgetting_gap	alpha_weighted_hill	source	18	-0.4709606918013649	-0.4369902195443293	0.27386127875258304	0.18701421981842373	0.4367283950617284	46656	0.6793552812071331
source18	hns_target_gain	alpha_weighted_hill	source	18	0.2417356661812988	0.01673654817511446	-0.13055824196677338	-0.11618717492282052	0.7165637860082305	46656	0.9511442336645588
source18	hns_off_gain	alpha_weighted_hill	source	18	-0.34571723426212586	-0.375	0.25000000000000006	0.2987389855978443	0.4834533607681756	46656	0.7251800411522634
source18	hns_forgetting_reduction	alpha_weighted_hill	source	18	-0.4190927742020956	-0.4958158260214506	0.0	0.011502843223956703	1.0	46656	1.0
source18	target	alpha_iqr	source	18	-0.3638247266690046	0.18449002198976347	0.0890870806374748	0.456202440688133	0.8209876543209876	46656	0.9319319319319319
source18	off_score	alpha_iqr	source	18	-0.07533539731682146	0.5583333333333333	-0.16666666666666669	-0.024438617408654717	0.6737825788751715	46656	0.8843396347736625
source18	forgetting_gap	alpha_iqr	source	18	-0.22199468732487246	-0.5462377744304117	0.0	0.034099042982967835	1.0	46656	1.0
source18	hns_target_gain	alpha_iqr	source	18	-0.6105375158681521	-0.3221785523709534	0.26111648393354675	0.1256582407927324	0.4291838134430727	46656	0.9511442336645588
source18	hns_off_gain	alpha_iqr	source	18	-0.2136222910216718	-0.45	0.0	0.16263703301926777	1.0	46656	1.0
source18	hns_forgetting_reduction	alpha_iqr	source	18	-0.40042032386635873	-0.705907277725455	-0.27386127875258304	-0.15718670045673008	0.4367283950617284	46656	0.8337542087542087
source18	target	kurtosis	source	18	-0.17571080549355336	-0.5492771109240685	0.0445435403187374	-0.08136906754331524	0.9567901234567902	46656	0.95679012345679
source18	off_score	kurtosis	source	18	0.3292053663570691	-0.225	0.5000000000000001	0.4226127940794438	0.1143261316872428	46656	0.21825897867564537
source18	forgetting_gap	kurtosis	source	18	0.15249167774185163	0.4453938776124895	-0.3651483716701107	-0.4309620409392845	0.2824074074074074	46656	0.5391414141414141
source18	hns_target_gain	kurtosis	source	18	0.28719023589060283	-0.029288959306450306	-0.08703882797784893	-0.11641531789894362	0.8297325102880658	46656	0.9511442336645588
source18	hns_off_gain	kurtosis	source	18	0.24045407636738902	0.35833333333333334	-0.41666666666666674	-0.6239060537829403	0.19920267489711935	46656	0.6383744855967078
source18	hns_forgetting_reduction	kurtosis	source	18	0.19398601182126704	0.5294304582940913	-0.09128709291752768	-0.3056551205628296	0.8868312757201646	46656	0.9550490661601773
source18	target	decay_family	source	18	-0.2749357309487364	-0.5241193806527371	0.31180478223116176	-0.0317728877420817	0.33573388203017834	46656	0.9319319319319319
source18	off_score	decay_family	source	18	0.31682146542827655	-0.20833333333333334	0.6666666666666667	0.4227663906508667	0.02619170096021948	46656	0.1100051440329218
source18	forgetting_gap	decay_family	source	18	0.1763509198375155	0.4117792453398488	-0.5477225575051661	-0.41231854145081326	0.0787037037037037	46656	0.3305555555555556
source18	hns_target_gain	decay_family	source	18	0.2231406149365835	-0.04602550748156477	-0.26111648393354675	-0.16128167015619468	0.4291838134430727	46656	0.9511442336645588
source18	hns_off_gain	decay_family	source	18	0.2528379772961816	0.375	-0.25000000000000006	-0.5802191349701942	0.4834533607681756	46656	0.7251800411522634
source18	hns_forgetting_reduction	decay_family	source	18	0.18879922006134012	0.4790085098851302	-0.27386127875258304	-0.2814995231553498	0.4367283950617284	46656	0.8337542087542087
source18	target	functional_participation	source	18	0.19121470009592573	0.4360673247030773	-0.1781741612749496	0.5096544184419993	0.6111111111111112	46656	0.9319319319319319
source18	off_score	functional_participation	source	18	-0.08978328173374613	0.375	-0.7500000000000001	-0.3070291375830502	0.010502400548696845	46656	0.07351680384087791
source18	forgetting_gap	functional_participation	source	18	-0.3641127815468702	-0.5462377744304117	0.6390096504226938	0.2566878133290729	0.036265432098765434	46656	0.2175925925925926
source18	hns_target_gain	functional_participation	source	18	-0.2582646006210457	-0.00836827408755723	0.3481553119113957	0.0022822770773166224	0.2690329218106996	46656	0.9511442336645588
source18	hns_off_gain	functional_participation	source	18	-0.4158926728586171	-0.5333333333333333	0.41666666666666674	0.4689652378092022	0.19920267489711935	46656	0.6383744855967078
source18	hns_forgetting_reduction	functional_participation	source	18	-0.3848599485865779	-0.5378341163622514	0.3651483716701107	0.040587024912472715	0.2824074074074074	46656	0.7413194444444444
source18	target	functional_erank	source	18	0.20155062983084063	0.4276814146126335	-0.2672612419124244	0.5032712467321863	0.3950617283950617	46656	0.9319319319319319
source18	off_score	functional_erank	source	18	-0.05263157894736842	0.38333333333333336	-0.6666666666666667	-0.3195564570634287	0.02619170096021948	46656	0.1100051440329218
source18	forgetting_gap	functional_erank	source	18	-0.3724116483627533	-0.563045090566732	0.5477225575051661	0.2741084584250052	0.0787037037037037	46656	0.3305555555555556
source18	hns_target_gain	functional_erank	source	18	-0.2727274182558243	0.004184137043778615	0.47871355387816905	-0.002390350685594684	0.11316872427983539	46656	0.9511442336645588
source18	hns_off_gain	functional_erank	source	18	-0.39525283797729616	-0.5416666666666666	0.33333333333333337	0.47707246391456853	0.3191872427983539	46656	0.6383744855967078
source18	hns_forgetting_reduction	functional_erank	source	18	-0.38900938199451945	-0.5462377744304117	0.27386127875258304	0.06020899981104115	0.4367283950617284	46656	0.8337542087542087
source18	target	functional_top1	source	18	-0.18914751414894274	-0.4276814146126335	0.2672612419124244	-0.4624774893901641	0.3950617283950617	46656	0.9319319319319319
source18	off_score	functional_top1	source	18	0.08771929824561403	-0.38333333333333336	0.6666666666666667	0.3426181143787203	0.02619170096021948	46656	0.1100051440329218
source18	forgetting_gap	functional_top1	source	18	0.37033693165878256	0.563045090566732	-0.5477225575051661	-0.32737448725230883	0.0787037037037037	46656	0.3305555555555556
source18	hns_target_gain	functional_top1	source	18	0.25103319180365646	-0.004184137043778615	-0.47871355387816905	0.014689555129249134	0.11316872427983539	46656	0.9511442336645588
source18	hns_off_gain	functional_top1	source	18	0.42414860681114547	0.5416666666666666	-0.33333333333333337	-0.5219970445590199	0.3191872427983539	46656	0.6383744855967078
source18	hns_forgetting_reduction	functional_top1	source	18	0.38900938199451945	0.5462377744304117	-0.27386127875258304	-0.12577615559818664	0.4367283950617284	46656	0.8337542087542087
source18	target	functional_erank_iqr	source	18	0.2253232682211449	0.448646189838743	-0.31180478223116176	0.22316043040812356	0.33573388203017834	46656	0.9319319319319319
source18	off_score	functional_erank_iqr	source	18	-0.15376676986584106	0.25833333333333336	-0.6666666666666667	-0.2473415925724252	0.02619170096021948	46656	0.1100051440329218
source18	forgetting_gap	functional_erank_iqr	source	18	-0.2738626049241417	-0.4453938776124895	0.6390096504226938	0.1413106953765721	0.036265432098765434	46656	0.2175925925925926
source18	hns_target_gain	functional_erank_iqr	source	18	-0.2613637758284983	-0.012552411131335846	0.3046358979224712	0.15581205168504322	0.3293895747599451	46656	0.9511442336645588
source18	hns_off_gain	functional_erank_iqr	source	18	-0.3003095975232198	-0.44166666666666665	0.25000000000000006	0.33599305657368017	0.4834533607681756	46656	0.7251800411522634
source18	hns_forgetting_reduction	functional_erank_iqr	source	18	-0.2738626049241417	-0.42858656147616914	0.3651483716701107	-0.017764396206418512	0.2824074074074074	46656	0.7413194444444444
source18	target	functional_attn_mlp_gap	source	18	-0.02790701028427024	0.20545479721587295	-0.6236095644623235	-0.4499176596725593	0.03292181069958848	46656	0.6913580246913581
source18	off_score	functional_attn_mlp_gap	source	18	-0.044375644994840036	0.45	0.0	0.13891546203518546	1.0	46656	1.0
source18	forgetting_gap	functional_attn_mlp_gap	source	18	-0.3267678808753964	-0.563045090566732	-0.09128709291752768	0.015507169618115966	0.8868312757201646	46656	0.9550490661601773
source18	hns_target_gain	functional_attn_mlp_gap	source	18	-0.43801676265329353	-0.2677847708018314	-0.04351941398892446	0.11719819311160025	0.9284979423868313	46656	0.9511442336645588
source18	hns_off_gain	functional_attn_mlp_gap	source	18	-0.3993808049535603	-0.55	-0.16666666666666669	-0.17507117264297953	0.6737825788751715	46656	0.94329561042524
source18	hns_forgetting_reduction	functional_attn_mlp_gap	source	18	-0.28527354679598094	-0.4453938776124895	0.18257418583505536	0.14809801523763033	0.6450617283950617	46656	0.9550490661601773
source18	target	functional_energy_ratio	source	18						46656	
source18	off_score	functional_energy_ratio	source	18						46656	
source18	forgetting_gap	functional_energy_ratio	source	18						46656	
source18	hns_target_gain	functional_energy_ratio	source	18						46656	
source18	hns_off_gain	functional_energy_ratio	source	18						46656	
source18	hns_forgetting_reduction	functional_energy_ratio	source	18						46656	
source18	target	gamma_functional	source	18						46656	
source18	off_score	gamma_functional	source	18						46656	
source18	forgetting_gap	gamma_functional	source	18						46656	
source18	hns_target_gain	gamma_functional	source	18						46656	
source18	hns_off_gain	gamma_functional	source	18						46656	
source18	hns_forgetting_reduction	gamma_functional	source	18						46656	
source18	target	eta_functional	source	18						46656	
source18	off_score	eta_functional	source	18						46656	
source18	forgetting_gap	eta_functional	source	18						46656	
source18	hns_target_gain	eta_functional	source	18						46656	
source18	hns_off_gain	eta_functional	source	18						46656	
source18	hns_forgetting_reduction	eta_functional	source	18						46656	
source18	target	functional_cov_participation	source	18	0.212920152539247	0.4234884595674116	-0.31180478223116176	0.5149982043856958	0.33573388203017834	46656	0.9319319319319319
source18	off_score	functional_cov_participation	source	18	-0.03818369453044375	0.36666666666666664	-0.8333333333333335	-0.2738573944035291	0.003129286694101509	46656	0.04381001371742113
source18	forgetting_gap	functional_cov_participation	source	18	-0.3381788227472356	-0.5378341163622514	0.7302967433402214	0.23413774838366758	0.013117283950617283	46656	0.18364197530864199
source18	hns_target_gain	functional_cov_participation	source	18	-0.2954547031104763	-0.01673654817511446	0.26111648393354675	-0.0014966765832400396	0.4291838134430727	46656	0.9511442336645588
source18	hns_off_gain	functional_cov_participation	source	18	-0.35190918472652216	-0.525	0.5000000000000001	0.4243463378674021	0.1143261316872428	46656	0.6002121913580247
source18	hns_forgetting_reduction	functional_cov_participation	source	18	-0.3672248566028264	-0.5294304582940913	0.45643546458763845	0.019516277660972876	0.15895061728395063	46656	0.7413194444444444
source18	target	functional_cov_erank	source	18	0.21602093145972148	0.4360673247030773	-0.1781741612749496	0.5192457443274879	0.6111111111111112	46656	0.9319319319319319
source18	off_score	functional_cov_erank	source	18	-0.044375644994840036	0.36666666666666664	-0.8333333333333335	-0.2969661849370002	0.003129286694101509	46656	0.04381001371742113
source18	forgetting_gap	functional_cov_erank	source	18	-0.33091731428333787	-0.5378341163622514	0.7302967433402214	0.2611995398925993	0.013117283950617283	46656	0.18364197530864199
source18	hns_target_gain	functional_cov_erank	source	18	-0.2892563526955712	0.00836827408755723	0.4351941398892446	-0.017751637936404833	0.15723593964334706	46656	0.9511442336645588
source18	hns_off_gain	functional_cov_erank	source	18	-0.35190918472652216	-0.525	0.5000000000000001	0.4522203056960684	0.1143261316872428	46656	0.6002121913580247
source18	hns_forgetting_reduction	functional_cov_erank	source	18	-0.366187498250841	-0.5294304582940913	0.45643546458763845	0.04582170083739163	0.15895061728395063	46656	0.7413194444444444
source18	target	functional_cov_top1	source	18	-0.21602093145972148	-0.4360673247030773	0.1781741612749496	-0.49556684355053215	0.6111111111111112	46656	0.9319319319319319
source18	off_score	functional_cov_top1	source	18	0.03199174406604747	-0.39166666666666666	0.5833333333333334	0.2946694795093167	0.05757030178326475	46656	0.20149605624142664
source18	forgetting_gap	functional_cov_top1	source	18	0.35477655637900174	0.563045090566732	-0.45643546458763845	-0.2828081993255461	0.15895061728395063	46656	0.5391414141414141
source18	hns_target_gain	functional_cov_top1	source	18	0.2954547031104763	0.01673654817511446	-0.26111648393354675	0.041074003838102835	0.4291838134430727	46656	0.9511442336645588
source18	hns_off_gain	functional_cov_top1	source	18	0.3581011351909184	0.55	-0.25000000000000006	-0.474440707605111	0.4834533607681756	46656	0.7251800411522634
source18	hns_forgetting_reduction	functional_cov_top1	source	18	0.3817478735306218	0.5546414324985718	-0.18257418583505536	-0.0787152447059189	0.6450617283950617	46656	0.9550490661601773
source18	target	functional_offdiag_fraction	source	18	0.39483251587374935	0.6415221219189502	-0.4008918628686366	-0.515782422256181	0.18964334705075445	46656	0.8850022862368541
source18	off_score	functional_offdiag_fraction	source	18	-0.20743034055727552	-0.025	-0.25000000000000006	-0.4834484546702076	0.4834533607681756	46656	0.7001738328366681
source18	forgetting_gap	functional_offdiag_fraction	source	18	-0.21473317886097476	-0.3529536388627275	0.09128709291752768	0.4572105403473001	0.8868312757201646	46656	0.9550490661601773
source18	hns_target_gain	functional_offdiag_fraction	source	18	0.016528934439746925	0.23431167445160245	0.4351941398892446	0.4078730692153968	0.15723593964334706	46656	0.9511442336645588
source18	hns_off_gain	functional_offdiag_fraction	source	18	-0.3312693498452012	-0.30833333333333335	0.16666666666666669	0.5145305289165152	0.6737825788751715	46656	0.94329561042524
source18	hns_forgetting_reduction	functional_offdiag_fraction	source	18	-0.16079054455773473	-0.21009145170400448	0.3651483716701107	0.5174794250229748	0.2824074074074074	46656	0.7413194444444444
