group	comparison	outcome	n_checkpoints	mean_difference	ci_low	ci_high	uncertainty
overall	hns_f4_s1 minus scalar_e	target	18	-0.6162081723006325	-1.6398548809557982	0.2488205806095556	source-checkpoint bootstrap; paired variants, fixed test set; subgroup CIs unadjusted descriptive
overall	hns_f4_s1 minus scalar_e	off_score	18	0.3218929716539623	-0.1246419580735092	0.8283956768808701	source-checkpoint bootstrap; paired variants, fixed test set; subgroup CIs unadjusted descriptive
overall	hns_f4_s1 minus scalar_e	forgetting_gap	18	-0.1805893525281851	-0.34610207812783766	-0.037124066110802566	source-checkpoint bootstrap; paired variants, fixed test set; subgroup CIs unadjusted descriptive
overall	hns_f4_s1 minus flat_e	target	18	-0.18981429277617798	-0.6157631584944852	0.2592721375046062	source-checkpoint bootstrap; paired variants, fixed test set; subgroup CIs unadjusted descriptive
overall	hns_f4_s1 minus flat_e	off_score	18	0.22538088483942906	0.10371457943637793	0.35635362525075787	source-checkpoint bootstrap; paired variants, fixed test set; subgroup CIs unadjusted descriptive
overall	hns_f4_s1 minus flat_e	forgetting_gap	18	-0.05161413235291518	-0.13805939804966427	0.02519480760607146	source-checkpoint bootstrap; paired variants, fixed test set; subgroup CIs unadjusted descriptive
overall	scalar_e minus flat_e	target	18	0.42639387952445457	-0.5005900046177788	1.3939713563371934	source-checkpoint bootstrap; paired variants, fixed test set; subgroup CIs unadjusted descriptive
overall	scalar_e minus flat_e	off_score	18	-0.09651208681453324	-0.55892173807102	0.37963000905599587	source-checkpoint bootstrap; paired variants, fixed test set; subgroup CIs unadjusted descriptive
overall	scalar_e minus flat_e	forgetting_gap	18	0.12897522017526988	0.022444960602402395	0.26977929875039525	source-checkpoint bootstrap; paired variants, fixed test set; subgroup CIs unadjusted descriptive
base/Qwen3-8B	hns_f4_s1 minus scalar_e	target	9	-0.47380745718485984	-1.562824665227844	0.6151174929114452	source-checkpoint bootstrap; paired variants, fixed test set; subgroup CIs unadjusted descriptive
base/Qwen3-8B	hns_f4_s1 minus scalar_e	off_score	9	0.6832128153855371	0.08467215165731744	1.2921777290614544	source-checkpoint bootstrap; paired variants, fixed test set; subgroup CIs unadjusted descriptive
base/Qwen3-8B	hns_f4_s1 minus scalar_e	forgetting_gap	9	-0.15808491418247533	-0.38392050587172594	0.0	source-checkpoint bootstrap; paired variants, fixed test set; subgroup CIs unadjusted descriptive
base/Qwen3-8B	hns_f4_s1 minus flat_e	target	9	-0.37806721688596195	-0.7263523067663524	0.012156648384111199	source-checkpoint bootstrap; paired variants, fixed test set; subgroup CIs unadjusted descriptive
base/Qwen3-8B	hns_f4_s1 minus flat_e	off_score	9	0.1586789728878257	-0.0031472258617920397	0.36405862580132614	source-checkpoint bootstrap; paired variants, fixed test set; subgroup CIs unadjusted descriptive
base/Qwen3-8B	hns_f4_s1 minus flat_e	forgetting_gap	9	0.0	0.0	0.0	source-checkpoint bootstrap; paired variants, fixed test set; subgroup CIs unadjusted descriptive
base/Qwen3-8B	scalar_e minus flat_e	target	9	0.09574024029889788	-1.1069932659123685	1.3794643247264606	source-checkpoint bootstrap; paired variants, fixed test set; subgroup CIs unadjusted descriptive
base/Qwen3-8B	scalar_e minus flat_e	off_score	9	-0.5245338424977114	-1.1370975311285576	0.022321082245112076	source-checkpoint bootstrap; paired variants, fixed test set; subgroup CIs unadjusted descriptive
base/Qwen3-8B	scalar_e minus flat_e	forgetting_gap	9	0.15808491418247533	0.0	0.42908762420957597	source-checkpoint bootstrap; paired variants, fixed test set; subgroup CIs unadjusted descriptive
base/Llama-3.1-8B-Instruct	hns_f4_s1 minus scalar_e	target	9	-0.7586088874164053	-2.3336623496479776	0.5897622329755265	source-checkpoint bootstrap; paired variants, fixed test set; subgroup CIs unadjusted descriptive
base/Llama-3.1-8B-Instruct	hns_f4_s1 minus scalar_e	off_score	9	-0.03942687207761253	-0.5923360161546019	0.7247699163718058	source-checkpoint bootstrap; paired variants, fixed test set; subgroup CIs unadjusted descriptive
base/Llama-3.1-8B-Instruct	hns_f4_s1 minus scalar_e	forgetting_gap	9	-0.2030937908738948	-0.4483338712890901	-0.0009371749714120433	source-checkpoint bootstrap; paired variants, fixed test set; subgroup CIs unadjusted descriptive
base/Llama-3.1-8B-Instruct	hns_f4_s1 minus flat_e	target	9	-0.001561368666394003	-0.8390519967990173	0.7905580958629759	source-checkpoint bootstrap; paired variants, fixed test set; subgroup CIs unadjusted descriptive
base/Llama-3.1-8B-Instruct	hns_f4_s1 minus flat_e	off_score	9	0.2920827967910324	0.10692069645001706	0.4764209314658753	source-checkpoint bootstrap; paired variants, fixed test set; subgroup CIs unadjusted descriptive
base/Llama-3.1-8B-Instruct	hns_f4_s1 minus flat_e	forgetting_gap	9	-0.10322826470583037	-0.265763961012593	0.06668680339297992	source-checkpoint bootstrap; paired variants, fixed test set; subgroup CIs unadjusted descriptive
base/Llama-3.1-8B-Instruct	scalar_e minus flat_e	target	9	0.7570475187500113	-0.5693897875213564	2.2091074066540504	source-checkpoint bootstrap; paired variants, fixed test set; subgroup CIs unadjusted descriptive
base/Llama-3.1-8B-Instruct	scalar_e minus flat_e	off_score	9	0.3315096688686449	-0.3561209454209811	0.8698151353627396	source-checkpoint bootstrap; paired variants, fixed test set; subgroup CIs unadjusted descriptive
base/Llama-3.1-8B-Instruct	scalar_e minus flat_e	forgetting_gap	9	0.09986552616806442	-0.023561963244790225	0.2321127117885163	source-checkpoint bootstrap; paired variants, fixed test set; subgroup CIs unadjusted descriptive
source/magicoder	hns_f4_s1 minus scalar_e	target	6	-2.642276422764224	-4.166666666666661	-1.4227642276422745	source-checkpoint bootstrap; paired variants, fixed test set; subgroup CIs unadjusted descriptive
source/magicoder	hns_f4_s1 minus scalar_e	off_score	6	-0.20832958976902916	-0.3879142309903993	0.043273729257935635	source-checkpoint bootstrap; paired variants, fixed test set; subgroup CIs unadjusted descriptive
source/magicoder	hns_f4_s1 minus scalar_e	forgetting_gap	6	0.05244527344836273	0.0011000280180901711	0.11405956796468981	source-checkpoint bootstrap; paired variants, fixed test set; subgroup CIs unadjusted descriptive
source/magicoder	hns_f4_s1 minus flat_e	target	6	-0.609756097560974	-1.5243902439024346	0.5081300813008127	source-checkpoint bootstrap; paired variants, fixed test set; subgroup CIs unadjusted descriptive
source/magicoder	hns_f4_s1 minus flat_e	off_score	6	0.11357419275271734	-0.04252330798837297	0.2801233973692234	source-checkpoint bootstrap; paired variants, fixed test set; subgroup CIs unadjusted descriptive
source/magicoder	hns_f4_s1 minus flat_e	forgetting_gap	6	0.03710285970148974	-0.07353430444451325	0.18484288354898248	source-checkpoint bootstrap; paired variants, fixed test set; subgroup CIs unadjusted descriptive
source/magicoder	scalar_e minus flat_e	target	6	2.0325203252032495	0.7113821138211378	3.455284552845523	source-checkpoint bootstrap; paired variants, fixed test set; subgroup CIs unadjusted descriptive
source/magicoder	scalar_e minus flat_e	off_score	6	0.3219037825217465	0.12186700877795545	0.5438249665592423	source-checkpoint bootstrap; paired variants, fixed test set; subgroup CIs unadjusted descriptive
source/magicoder	scalar_e minus flat_e	forgetting_gap	6	-0.015342413746872988	-0.11803290460741855	0.09761712619972751	source-checkpoint bootstrap; paired variants, fixed test set; subgroup CIs unadjusted descriptive
source/metamath	hns_f4_s1 minus scalar_e	target	6	0.9476876421531463	0.24008086934546682	1.6679302501895374	source-checkpoint bootstrap; paired variants, fixed test set; subgroup CIs unadjusted descriptive
source/metamath	hns_f4_s1 minus scalar_e	off_score	6	1.1162837716873522	0.1325642014933758	2.075811562243386	source-checkpoint bootstrap; paired variants, fixed test set; subgroup CIs unadjusted descriptive
source/metamath	hns_f4_s1 minus scalar_e	forgetting_gap	6	-0.5348965126933883	-0.801405551842931	-0.2755639100971064	source-checkpoint bootstrap; paired variants, fixed test set; subgroup CIs unadjusted descriptive
source/metamath	hns_f4_s1 minus flat_e	target	6	-0.11372251705837755	-0.34116755117513264	0.12635835228708933	source-checkpoint bootstrap; paired variants, fixed test set; subgroup CIs unadjusted descriptive
source/metamath	hns_f4_s1 minus flat_e	off_score	6	0.3998595035261303	0.10994823118123165	0.6650846496438857	source-checkpoint bootstrap; paired variants, fixed test set; subgroup CIs unadjusted descriptive
source/metamath	hns_f4_s1 minus flat_e	forgetting_gap	6	-0.19325830763188753	-0.3659785170916653	-0.041076196344218455	source-checkpoint bootstrap; paired variants, fixed test set; subgroup CIs unadjusted descriptive
source/metamath	scalar_e minus flat_e	target	6	-1.0614101592115237	-1.9332827899924208	-0.18953752843062688	source-checkpoint bootstrap; paired variants, fixed test set; subgroup CIs unadjusted descriptive
source/metamath	scalar_e minus flat_e	off_score	6	-0.7164242681612217	-1.7234632875204952	0.2794381994579401	source-checkpoint bootstrap; paired variants, fixed test set; subgroup CIs unadjusted descriptive
source/metamath	scalar_e minus flat_e	forgetting_gap	6	0.3416382050615006	0.10876599374516537	0.6126409150886016	source-checkpoint bootstrap; paired variants, fixed test set; subgroup CIs unadjusted descriptive
source/tulu	hns_f4_s1 minus scalar_e	target	6	-0.1540357362908201	-1.3247073321010514	0.8934072704867546	source-checkpoint bootstrap; paired variants, fixed test set; subgroup CIs unadjusted descriptive
source/tulu	hns_f4_s1 minus scalar_e	off_score	6	0.05772473304356396	-0.5924231030939885	0.6875282079194728	source-checkpoint bootstrap; paired variants, fixed test set; subgroup CIs unadjusted descriptive
source/tulu	hns_f4_s1 minus scalar_e	forgetting_gap	6	-0.0593168183395297	-0.1779504550185891	0.0	source-checkpoint bootstrap; paired variants, fixed test set; subgroup CIs unadjusted descriptive
source/tulu	hns_f4_s1 minus flat_e	target	6	0.1540357362908177	-0.585335797905112	0.9242144177449111	source-checkpoint bootstrap; paired variants, fixed test set; subgroup CIs unadjusted descriptive
source/tulu	hns_f4_s1 minus flat_e	off_score	6	0.1627089582394395	0.015856694645331498	0.3095612218335475	source-checkpoint bootstrap; paired variants, fixed test set; subgroup CIs unadjusted descriptive
source/tulu	hns_f4_s1 minus flat_e	forgetting_gap	6	0.001313050871652242	0.0	0.003939152614956726	source-checkpoint bootstrap; paired variants, fixed test set; subgroup CIs unadjusted descriptive
source/tulu	scalar_e minus flat_e	target	6	0.3080714725816378	-1.0174060382008652	1.694393099199014	source-checkpoint bootstrap; paired variants, fixed test set; subgroup CIs unadjusted descriptive
source/tulu	scalar_e minus flat_e	off_score	6	0.10498422519587554	-0.5817155157421231	0.8209109968200655	source-checkpoint bootstrap; paired variants, fixed test set; subgroup CIs unadjusted descriptive
source/tulu	scalar_e minus flat_e	forgetting_gap	6	0.06062986921118194	0.0	0.1818896076335458	source-checkpoint bootstrap; paired variants, fixed test set; subgroup CIs unadjusted descriptive
base_source/Qwen3-8B/magicoder	hns_f4_s1 minus scalar_e	target	3	-2.032520325203251	-3.0487804878048763	-0.6097560975609753	source-checkpoint bootstrap; paired variants, fixed test set; subgroup CIs unadjusted descriptive
base_source/Qwen3-8B/magicoder	hns_f4_s1 minus scalar_e	off_score	3	-0.10363647592124892	-0.3561927405014558	0.36028103252246524	source-checkpoint bootstrap; paired variants, fixed test set; subgroup CIs unadjusted descriptive
base_source/Qwen3-8B/magicoder	hns_f4_s1 minus scalar_e	forgetting_gap	3	0.0	0.0	0.0	source-checkpoint bootstrap; paired variants, fixed test set; subgroup CIs unadjusted descriptive
base_source/Qwen3-8B/magicoder	hns_f4_s1 minus flat_e	target	3	-0.6097560975609753	-0.6097560975609753	-0.6097560975609753	source-checkpoint bootstrap; paired variants, fixed test set; subgroup CIs unadjusted descriptive
base_source/Qwen3-8B/magicoder	hns_f4_s1 minus flat_e	off_score	3	0.0832844585037833	-0.071511784568429	0.35618906994716326	source-checkpoint bootstrap; paired variants, fixed test set; subgroup CIs unadjusted descriptive
base_source/Qwen3-8B/magicoder	hns_f4_s1 minus flat_e	forgetting_gap	3	0.0	0.0	0.0	source-checkpoint bootstrap; paired variants, fixed test set; subgroup CIs unadjusted descriptive
base_source/Qwen3-8B/magicoder	scalar_e minus flat_e	target	3	1.4227642276422756	0.0	2.439024390243901	source-checkpoint bootstrap; paired variants, fixed test set; subgroup CIs unadjusted descriptive
base_source/Qwen3-8B/magicoder	scalar_e minus flat_e	off_score	3	0.18692093442503221	-0.004091962575301977	0.3213688306340714	source-checkpoint bootstrap; paired variants, fixed test set; subgroup CIs unadjusted descriptive
base_source/Qwen3-8B/magicoder	scalar_e minus flat_e	forgetting_gap	3	0.0	0.0	0.0	source-checkpoint bootstrap; paired variants, fixed test set; subgroup CIs unadjusted descriptive
base_source/Qwen3-8B/metamath	hns_f4_s1 minus scalar_e	target	3	1.2888551933282788	0.6823351023502653	1.9711902956785394	source-checkpoint bootstrap; paired variants, fixed test set; subgroup CIs unadjusted descriptive
base_source/Qwen3-8B/metamath	hns_f4_s1 minus scalar_e	off_score	3	1.7312568346738952	1.3915800115172061	2.2617379909076476	source-checkpoint bootstrap; paired variants, fixed test set; subgroup CIs unadjusted descriptive
base_source/Qwen3-8B/metamath	hns_f4_s1 minus scalar_e	forgetting_gap	3	-0.474254742547426	-1.0162601626016279	0.0	source-checkpoint bootstrap; paired variants, fixed test set; subgroup CIs unadjusted descriptive
base_source/Qwen3-8B/metamath	hns_f4_s1 minus flat_e	target	3	-0.27798837503159746	-0.5307050796057666	-0.07581501137225644	source-checkpoint bootstrap; paired variants, fixed test set; subgroup CIs unadjusted descriptive
base_source/Qwen3-8B/metamath	hns_f4_s1 minus flat_e	off_score	3	0.21622696930577945	-0.21741898433184303	0.7488583402982698	source-checkpoint bootstrap; paired variants, fixed test set; subgroup CIs unadjusted descriptive
base_source/Qwen3-8B/metamath	hns_f4_s1 minus flat_e	forgetting_gap	3	0.0	0.0	0.0	source-checkpoint bootstrap; paired variants, fixed test set; subgroup CIs unadjusted descriptive
base_source/Qwen3-8B/metamath	scalar_e minus flat_e	target	3	-1.5668435683598763	-2.1986353297953087	-1.213040181956032	source-checkpoint bootstrap; paired variants, fixed test set; subgroup CIs unadjusted descriptive
base_source/Qwen3-8B/metamath	scalar_e minus flat_e	off_score	3	-1.5150298653681158	-2.144496438956736	-0.791594161298562	source-checkpoint bootstrap; paired variants, fixed test set; subgroup CIs unadjusted descriptive
base_source/Qwen3-8B/metamath	scalar_e minus flat_e	forgetting_gap	3	0.474254742547426	0.0	1.0162601626016279	source-checkpoint bootstrap; paired variants, fixed test set; subgroup CIs unadjusted descriptive
base_source/Qwen3-8B/tulu	hns_f4_s1 minus scalar_e	target	3	-0.6777572396796074	-2.218114602587818	0.7393715341959393	source-checkpoint bootstrap; paired variants, fixed test set; subgroup CIs unadjusted descriptive
base_source/Qwen3-8B/tulu	hns_f4_s1 minus scalar_e	off_score	3	0.4220180874039651	-0.5262913570663841	1.2322048174525833	source-checkpoint bootstrap; paired variants, fixed test set; subgroup CIs unadjusted descriptive
base_source/Qwen3-8B/tulu	hns_f4_s1 minus scalar_e	forgetting_gap	3	0.0	0.0	0.0	source-checkpoint bootstrap; paired variants, fixed test set; subgroup CIs unadjusted descriptive
base_source/Qwen3-8B/tulu	hns_f4_s1 minus flat_e	target	3	-0.2464571780653131	-1.293900184842883	0.9242144177449063	source-checkpoint bootstrap; paired variants, fixed test set; subgroup CIs unadjusted descriptive
base_source/Qwen3-8B/tulu	hns_f4_s1 minus flat_e	off_score	3	0.17652549085391436	0.05498706144311427	0.34464926483870784	source-checkpoint bootstrap; paired variants, fixed test set; subgroup CIs unadjusted descriptive
base_source/Qwen3-8B/tulu	hns_f4_s1 minus flat_e	forgetting_gap	3	0.0	0.0	0.0	source-checkpoint bootstrap; paired variants, fixed test set; subgroup CIs unadjusted descriptive
base_source/Qwen3-8B/tulu	scalar_e minus flat_e	target	3	0.43130006161429435	-2.0332717190388223	3.142329020332724	source-checkpoint bootstrap; paired variants, fixed test set; subgroup CIs unadjusted descriptive
base_source/Qwen3-8B/tulu	scalar_e minus flat_e	off_score	3	-0.24549259655005073	-1.177217756009469	0.6562315033463051	source-checkpoint bootstrap; paired variants, fixed test set; subgroup CIs unadjusted descriptive
base_source/Qwen3-8B/tulu	scalar_e minus flat_e	forgetting_gap	3	0.0	0.0	0.0	source-checkpoint bootstrap; paired variants, fixed test set; subgroup CIs unadjusted descriptive
base_source/Llama-3.1-8B-Instruct/magicoder	hns_f4_s1 minus scalar_e	target	3	-3.2520325203251965	-6.0975609756097455	-1.2195121951219505	source-checkpoint bootstrap; paired variants, fixed test set; subgroup CIs unadjusted descriptive
base_source/Llama-3.1-8B-Instruct/magicoder	hns_f4_s1 minus scalar_e	off_score	3	-0.3130227036168094	-0.46984931532117	-0.10881524101687035	source-checkpoint bootstrap; paired variants, fixed test set; subgroup CIs unadjusted descriptive
base_source/Llama-3.1-8B-Instruct/magicoder	hns_f4_s1 minus scalar_e	forgetting_gap	3	0.10489054689672546	0.006600168108541027	0.18484288354898126	source-checkpoint bootstrap; paired variants, fixed test set; subgroup CIs unadjusted descriptive
base_source/Llama-3.1-8B-Instruct/magicoder	hns_f4_s1 minus flat_e	target	3	-0.6097560975609729	-2.439024390243894	1.8292682926829258	source-checkpoint bootstrap; paired variants, fixed test set; subgroup CIs unadjusted descriptive
base_source/Llama-3.1-8B-Instruct/magicoder	hns_f4_s1 minus flat_e	off_score	3	0.14386392700165138	-0.07766947528938317	0.4250569839206122	source-checkpoint bootstrap; paired variants, fixed test set; subgroup CIs unadjusted descriptive
base_source/Llama-3.1-8B-Instruct/magicoder	hns_f4_s1 minus flat_e	forgetting_gap	3	0.07420571940297949	-0.1470686088890265	0.36968576709796497	source-checkpoint bootstrap; paired variants, fixed test set; subgroup CIs unadjusted descriptive
base_source/Llama-3.1-8B-Instruct/magicoder	scalar_e minus flat_e	target	3	2.642276422764224	0.0	4.878048780487795	source-checkpoint bootstrap; paired variants, fixed test set; subgroup CIs unadjusted descriptive
base_source/Llama-3.1-8B-Instruct/magicoder	scalar_e minus flat_e	off_score	3	0.45688663061846074	0.031145765727487174	0.785460538433	source-checkpoint bootstrap; paired variants, fixed test set; subgroup CIs unadjusted descriptive
base_source/Llama-3.1-8B-Instruct/magicoder	scalar_e minus flat_e	forgetting_gap	3	-0.030684827493745976	-0.18484288354898126	0.24645717806531087	source-checkpoint bootstrap; paired variants, fixed test set; subgroup CIs unadjusted descriptive
base_source/Llama-3.1-8B-Instruct/metamath	hns_f4_s1 minus scalar_e	target	3	0.6065200909780136	-0.37907505686125376	2.047005307050796	source-checkpoint bootstrap; paired variants, fixed test set; subgroup CIs unadjusted descriptive
base_source/Llama-3.1-8B-Instruct/metamath	hns_f4_s1 minus scalar_e	off_score	3	0.501310708700809	-0.5528689531972617	2.5722557781793185	source-checkpoint bootstrap; paired variants, fixed test set; subgroup CIs unadjusted descriptive
base_source/Llama-3.1-8B-Instruct/metamath	hns_f4_s1 minus scalar_e	forgetting_gap	3	-0.5955382828393504	-0.946239518016713	-0.34764361468820465	source-checkpoint bootstrap; paired variants, fixed test set; subgroup CIs unadjusted descriptive
base_source/Llama-3.1-8B-Instruct/metamath	hns_f4_s1 minus flat_e	target	3	0.05054334091484236	-0.3032600454889973	0.37907505686126797	source-checkpoint bootstrap; paired variants, fixed test set; subgroup CIs unadjusted descriptive
base_source/Llama-3.1-8B-Instruct/metamath	hns_f4_s1 minus flat_e	off_score	3	0.5834920377464812	0.4458464478337376	0.7466589331483746	source-checkpoint bootstrap; paired variants, fixed test set; subgroup CIs unadjusted descriptive
base_source/Llama-3.1-8B-Instruct/metamath	hns_f4_s1 minus flat_e	forgetting_gap	3	-0.38651661526377507	-0.543406900628052	-0.24645717806531073	source-checkpoint bootstrap; paired variants, fixed test set; subgroup CIs unadjusted descriptive
base_source/Llama-3.1-8B-Instruct/metamath	scalar_e minus flat_e	target	3	-0.5559767500631713	-2.350265352539793	0.7581501137225217	source-checkpoint bootstrap; paired variants, fixed test set; subgroup CIs unadjusted descriptive
base_source/Llama-3.1-8B-Instruct/metamath	scalar_e minus flat_e	off_score	3	0.08218132904567217	-1.8255968450309439	1.110839685454593	source-checkpoint bootstrap; paired variants, fixed test set; subgroup CIs unadjusted descriptive
base_source/Llama-3.1-8B-Instruct/metamath	scalar_e minus flat_e	forgetting_gap	3	0.2090216675755753	0.1011864366228939	0.40283261738866116	source-checkpoint bootstrap; paired variants, fixed test set; subgroup CIs unadjusted descriptive
base_source/Llama-3.1-8B-Instruct/tulu	hns_f4_s1 minus scalar_e	target	3	0.36968576709796724	-1.4787430683918643	1.6635859519408456	source-checkpoint bootstrap; paired variants, fixed test set; subgroup CIs unadjusted descriptive
base_source/Llama-3.1-8B-Instruct/tulu	hns_f4_s1 minus scalar_e	off_score	3	-0.3065686213168372	-1.267044065929781	0.39470535039977506	source-checkpoint bootstrap; paired variants, fixed test set; subgroup CIs unadjusted descriptive
base_source/Llama-3.1-8B-Instruct/tulu	hns_f4_s1 minus scalar_e	forgetting_gap	3	-0.1186336366790594	-0.3559009100371782	0.0	source-checkpoint bootstrap; paired variants, fixed test set; subgroup CIs unadjusted descriptive
base_source/Llama-3.1-8B-Instruct/tulu	hns_f4_s1 minus flat_e	target	3	0.5545286506469486	-0.18484288354898126	1.6635859519408456	source-checkpoint bootstrap; paired variants, fixed test set; subgroup CIs unadjusted descriptive
base_source/Llama-3.1-8B-Instruct/tulu	hns_f4_s1 minus flat_e	off_score	3	0.14889242562496463	-0.1373571237870408	0.4249760991291396	source-checkpoint bootstrap; paired variants, fixed test set; subgroup CIs unadjusted descriptive
base_source/Llama-3.1-8B-Instruct/tulu	hns_f4_s1 minus flat_e	forgetting_gap	3	0.002626101743304484	0.0	0.007878305229913452	source-checkpoint bootstrap; paired variants, fixed test set; subgroup CIs unadjusted descriptive
base_source/Llama-3.1-8B-Instruct/tulu	scalar_e minus flat_e	target	3	0.18484288354898126	-1.1090573012939018	1.6635859519408456	source-checkpoint bootstrap; paired variants, fixed test set; subgroup CIs unadjusted descriptive
base_source/Llama-3.1-8B-Instruct/tulu	scalar_e minus flat_e	off_score	3	0.45546104694180184	-0.5320624741868158	1.4261023674625761	source-checkpoint bootstrap; paired variants, fixed test set; subgroup CIs unadjusted descriptive
base_source/Llama-3.1-8B-Instruct/tulu	scalar_e minus flat_e	forgetting_gap	3	0.12125973842236389	0.0	0.3637792152670916	source-checkpoint bootstrap; paired variants, fixed test set; subgroup CIs unadjusted descriptive
