checkpoint	method	raw_fpr_delta	full_moment_pr_delta	target_delta	off_delta	higher_fpr_worse_target	higher_fpr_worse_off
Llama-3.1-8B-Instruct/magicoder/seed42	functional_hns_a05	7.642431379553977	5.327286354192311	-0.6097560975609753	-0.5144522111414318	True	True
Llama-3.1-8B-Instruct/magicoder/seed42	functional_hns_a10	11.212413905250152	9.049046435098777	0.0	0.4376109793303016	False	False
Llama-3.1-8B-Instruct/magicoder/seed42	functional_flat	11.228631768556898	9.09902342854869	0.0	0.1366884139430482	False	False
Llama-3.1-8B-Instruct/magicoder/seed43	functional_hns_a05	7.342344953598935	5.155240577924086	-0.6097560975609753	0.13588685442434212	True	False
Llama-3.1-8B-Instruct/magicoder/seed43	functional_hns_a10	11.841274951754286	9.782794021645918	0.0	-0.28885850058715334	False	True
Llama-3.1-8B-Instruct/magicoder/seed43	functional_flat	11.85793806789438	9.813511967152563	-1.2195121951219505	-0.19818587369763918	True	True
Llama-3.1-8B-Instruct/magicoder/seed44	functional_hns_a05	7.149731659973675	5.318450900560835	1.8292682926829258	-0.11366498566249561	False	True
Llama-3.1-8B-Instruct/magicoder/seed44	functional_hns_a10	11.610682302781356	9.684654964175277	1.2195121951219505	-0.6259407610477439	False	True
Llama-3.1-8B-Instruct/magicoder/seed44	functional_flat	11.627099995030083	9.724224012663983	0.6097560975609753	-0.3711911630308151	False	True
Llama-3.1-8B-Instruct/metamath/seed42	functional_hns_a05	2.992026328672706	2.335642288979191	0.6823351023502653	-0.028082163833147433	False	True
Llama-3.1-8B-Instruct/metamath/seed42	functional_hns_a10	3.952561432116891	3.538967931144615	0.7581501137225217	-0.7934514137931714	False	True
Llama-3.1-8B-Instruct/metamath/seed42	functional_flat	3.9659128083273156	3.5466276925394755	0.4548900682335102	-1.033249135490209	False	True
Llama-3.1-8B-Instruct/metamath/seed43	functional_hns_a05	6.655898349198803	3.7441917169718684	1.5921152388172857	0.9052370050224638	False	False
Llama-3.1-8B-Instruct/metamath/seed43	functional_hns_a10	10.91539268419886	7.788292939847915	2.729340409401061	-0.31590529429961123	False	True
Llama-3.1-8B-Instruct/metamath/seed43	functional_flat	10.931749653942195	7.769533769298736	2.047005307050796	0.05036657249325316	False	False
Llama-3.1-8B-Instruct/metamath/seed44	functional_hns_a05	6.931488182292588	3.578674210700852	1.5921152388172857	0.45641050255098037	False	False
Llama-3.1-8B-Instruct/metamath/seed44	functional_hns_a10	11.087939443644334	7.476444893382553	2.3502653525398074	0.15435985238993055	False	False
Llama-3.1-8B-Instruct/metamath/seed44	functional_flat	11.104204505277787	7.456894560322622	2.04700530705081	-0.2437656286089549	False	True
Llama-3.1-8B-Instruct/tulu/seed42	functional_hns_a05	2.924036998616323	2.4488094854093134	1.1090573012939018	-0.7126655324514815	False	True
Llama-3.1-8B-Instruct/tulu/seed42	functional_hns_a10	3.851453212607362	3.9534686027291635	0.0	-2.1143054468644635	False	True
Llama-3.1-8B-Instruct/tulu/seed42	functional_flat	3.8641432121195187	3.9835510863331436	0.3696857670979625	-1.6655487401057485	False	True
Llama-3.1-8B-Instruct/tulu/seed43	functional_hns_a05	3.2207610771905664	2.678790703226859	-1.6635859519408456	-1.4519921894099355	True	True
Llama-3.1-8B-Instruct/tulu/seed43	functional_hns_a10	4.244543504567499	4.185529560902985	-1.293900184842883	-1.1212276917443091	True	True
Llama-3.1-8B-Instruct/tulu/seed43	functional_flat	4.257221035738686	4.162733472078637	-0.7393715341959393	-0.49277749100198776	True	True
Llama-3.1-8B-Instruct/tulu/seed44	functional_hns_a05	3.6172662634045896	3.1040543627826764	-0.18484288354898126	-0.3868185856891415	True	True
Llama-3.1-8B-Instruct/tulu/seed44	functional_hns_a10	4.721392589446879	4.713186744786928	0.18484288354898126	-1.1724012806481454	False	True
Llama-3.1-8B-Instruct/tulu/seed44	functional_flat	4.733582288896365	4.698087946303222	-1.4787430683918643	-0.6716979992642962	True	True
Qwen3-8B/magicoder/seed42	functional_hns_a05	6.47943368922063	3.7628606267462175	-4.268292682926827	-0.9257563080500688	True	True
Qwen3-8B/magicoder/seed42	functional_hns_a10	13.533704945985004	9.935952282142619	-6.707317073170728	-1.315101602859201	True	True
Qwen3-8B/magicoder/seed42	functional_flat	13.56378326105284	10.077275274120204	-7.317073170731703	-1.3660428346988738	True	True
Qwen3-8B/magicoder/seed43	functional_hns_a05	6.750173419371954	3.7998581372140148	-0.6097560975609753	-0.3667002715583294	True	True
Qwen3-8B/magicoder/seed43	functional_hns_a10	13.294893043673767	9.964695617762432	-5.487804878048792	-1.0071104617567244	True	True
Qwen3-8B/magicoder/seed43	functional_flat	13.324215066423218	9.988148187325471	-5.487804878048792	-0.9825355830935223	True	True
Qwen3-8B/magicoder/seed44	functional_hns_a05	6.68432841728991	3.9904750267315174	-1.8292682926829258	-1.0258983670593125	True	True
Qwen3-8B/magicoder/seed44	functional_hns_a10	13.324656124908287	10.052697263565165	-6.707317073170728	-0.8843003614377665	True	True
Qwen3-8B/magicoder/seed44	functional_flat	13.356150295081369	10.081237223652579	-6.097560975609753	-0.9435817770152113	True	True
Qwen3-8B/metamath/seed42	functional_hns_a05	5.9679664886772965	3.0394184432615416	0.07581501137225644	0.32820193055508184	False	False
Qwen3-8B/metamath/seed42	functional_hns_a10	9.193689015613526	6.2187741433757875	-0.2274450341167551	1.004259358756002	True	False
Qwen3-8B/metamath/seed42	functional_flat	9.214624971435759	6.272882568669386	-0.6065200909780231	0.7826142056484002	True	False
Qwen3-8B/metamath/seed43	functional_hns_a05	5.3460912814944095	2.9144282419577587	-0.07581501137224222	0.5444851227663321	True	False
Qwen3-8B/metamath/seed43	functional_hns_a10	8.037296852386897	5.627798868664183	-0.07581501137224222	1.0387648882936844	True	False
Qwen3-8B/metamath/seed43	functional_flat	8.055103134385394	5.604678965926029	0.07581501137225644	0.8663598575686251	False	False
Qwen3-8B/metamath/seed44	functional_hns_a05	5.5899216434878145	2.969654110536533	0.4548900682335102	-0.3120026837803209	False	True
Qwen3-8B/metamath/seed44	functional_hns_a10	8.317668965948677	5.575556871986926	0.2274450341167693	0.15756105694084965	False	False
Qwen3-8B/metamath/seed44	functional_flat	8.335712891948713	5.553997696157662	0.30326004548901153	0.5278117221873089	False	False
Qwen3-8B/tulu/seed42	functional_hns_a05	4.136337579352984	2.640331744938692	1.2939001848428973	0.0856784080050943	False	False
Qwen3-8B/tulu/seed42	functional_hns_a10	5.959707286444946	4.653078200361575	2.402957486136799	-0.386513755559335	False	True
Qwen3-8B/tulu/seed42	functional_flat	5.974962045728585	4.682344540780409	2.957486136783743	-0.5837850745924555	False	True
Qwen3-8B/tulu/seed43	functional_hns_a05	3.62761314399944	2.6222351051515966	0.3696857670979625	-0.3802719455704704	False	True
Qwen3-8B/tulu/seed43	functional_hns_a10	5.068020744236902	4.3859227581851785	0.7393715341959393	-0.37423846785526393	False	True
Qwen3-8B/tulu/seed43	functional_flat	5.082331338260175	4.382608330232839	-0.7393715341959393	-0.607672318671618	True	True
Qwen3-8B/tulu/seed44	functional_hns_a05	3.835392212189298	2.469058044157194	1.293900184842883	0.06786321088800662	False	False
Qwen3-8B/tulu/seed44	functional_hns_a10	5.295676296697664	4.382291930820298	1.1090573012939018	-1.5278661815061838	False	True
Qwen3-8B/tulu/seed44	functional_flat	5.310076196394386	4.386720496837681	1.1090573012939018	-1.3220647502491119	False	True
