checkpoint	base	task	seed	method	benchmark	recovery_rate	recovery_rate_defined	retention_rate	retention_rate_defined	new_success_rate	new_success_rate_defined	new_damage_rate	new_damage_rate_defined	new_success_conditional_rate	new_success_conditional_rate_defined	new_damage_conditional_rate	new_damage_conditional_rate_defined	n_units	samples	recovery_set_size	retention_set_size	new_success_set_size	new_damage_set_size	recovered	retained	new_success	new_damage	n_000	n_001	n_010	n_011	n_100	n_101	n_110	n_111
Llama-3.1-8B-Instruct/magicoder/seed42	Llama-3.1-8B-Instruct	magicoder	42	hns_f4_s1	magicoder	0.5555555555555556	1	0.65	1	0.012195121951219513	1	0.018292682926829267	1	0.034482758620689655	1	0.04411764705882353	1	1	164	18	20	58	68	10	13	2	3	56	2	7	13	8	10	3	65
Llama-3.1-8B-Instruct/magicoder/seed42	Llama-3.1-8B-Instruct	magicoder	42	scalar_e	magicoder	0.7777777777777778	1	0.6	1	0.0	1	0.012195121951219513	1	0.0	1	0.029411764705882353	1	1	164	18	20	58	68	14	12	0	2	58	0	8	12	4	14	2	66
Llama-3.1-8B-Instruct/magicoder/seed42	Llama-3.1-8B-Instruct	magicoder	42	flat_e	magicoder	0.5555555555555556	1	0.6	1	0.0	1	0.018292682926829267	1	0.0	1	0.04411764705882353	1	1	164	18	20	58	68	10	12	0	3	58	0	8	12	8	10	3	65
Llama-3.1-8B-Instruct/magicoder/seed42	Llama-3.1-8B-Instruct	magicoder	42	hns_f4_s1	metamath	0.717948717948718	1	0.4051724137931034	1	0.04169825625473844	1	0.02350265352539803	1	0.14473684210526316	1	0.04936305732484077	1	1	1319	195	116	380	628	140	47	55	31	325	55	69	47	55	140	31	597
Llama-3.1-8B-Instruct/magicoder/seed42	Llama-3.1-8B-Instruct	magicoder	42	scalar_e	metamath	0.7384615384615385	1	0.4482758620689655	1	0.04169825625473844	1	0.019711902956785442	1	0.14473684210526316	1	0.041401273885350316	1	1	1319	195	116	380	628	144	52	55	26	325	55	64	52	51	144	26	602
Llama-3.1-8B-Instruct/magicoder/seed42	Llama-3.1-8B-Instruct	magicoder	42	flat_e	metamath	0.7076923076923077	1	0.3706896551724138	1	0.03790750568612585	1	0.02350265352539803	1	0.13157894736842105	1	0.04936305732484077	1	1	1319	195	116	380	628	138	43	50	31	330	50	73	43	57	138	31	597
Llama-3.1-8B-Instruct/magicoder/seed42	Llama-3.1-8B-Instruct	magicoder	42	hns_f4_s1	tulu	0.6956521739130435	1	0.42424242424242425	1	0.018484288354898338	1	0.022181146025878003	1	0.05813953488372093	1	0.0449438202247191	1	1	541	69	33	172	267	48	14	10	12	162	10	19	14	21	48	12	255
Llama-3.1-8B-Instruct/magicoder/seed42	Llama-3.1-8B-Instruct	magicoder	42	scalar_e	tulu	0.6521739130434783	1	0.42424242424242425	1	0.02033271719038817	1	0.02033271719038817	1	0.06395348837209303	1	0.04119850187265917	1	1	541	69	33	172	267	45	14	11	11	161	11	19	14	24	45	11	256
Llama-3.1-8B-Instruct/magicoder/seed42	Llama-3.1-8B-Instruct	magicoder	42	flat_e	tulu	0.6811594202898551	1	0.42424242424242425	1	0.014787430683918669	1	0.022181146025878003	1	0.046511627906976744	1	0.0449438202247191	1	1	541	69	33	172	267	47	14	8	12	164	8	19	14	22	47	12	255
Llama-3.1-8B-Instruct/magicoder/seed42	Llama-3.1-8B-Instruct	magicoder	42	hns_f4_s1	commonsense	0.5924728975181595	8	0.42562866778248937	8	0.0018674031878485777	8	0.0027167202015955932	8	0.008127600815271993	8	0.004323025132402749	8	8	22419	1715	674	6664	13366	888	330	40	60	6624	40	344	330	827	888	60	13306
Llama-3.1-8B-Instruct/magicoder/seed42	Llama-3.1-8B-Instruct	magicoder	42	scalar_e	commonsense	0.598996565087788	8	0.4725280903709566	8	0.0017132093474084601	8	0.002433023607223162	8	0.006869076429150855	8	0.0036628388638446645	8	8	22419	1715	674	6664	13366	924	352	43	38	6621	43	322	352	791	924	38	13328
Llama-3.1-8B-Instruct/magicoder/seed42	Llama-3.1-8B-Instruct	magicoder	42	flat_e	commonsense	0.6036398239766527	8	0.4407914138414618	8	0.0016522213546362912	8	0.002673837214906965	8	0.007645810075365222	8	0.004191470530590411	8	8	22419	1715	674	6664	13366	903	330	44	63	6620	44	344	330	812	903	63	13303
Llama-3.1-8B-Instruct/magicoder/seed43	Llama-3.1-8B-Instruct	magicoder	43	hns_f4_s1	magicoder	0.4444444444444444	1	0.6666666666666666	1	0.012195121951219513	1	0.018292682926829267	1	0.037037037037037035	1	0.04411764705882353	1	1	164	18	24	54	68	8	16	2	3	52	2	8	16	10	8	3	65
Llama-3.1-8B-Instruct/magicoder/seed43	Llama-3.1-8B-Instruct	magicoder	43	scalar_e	magicoder	0.6666666666666666	1	0.625	1	0.006097560975609756	1	0.006097560975609756	1	0.018518518518518517	1	0.014705882352941176	1	1	164	18	24	54	68	12	15	1	1	53	1	9	15	6	12	1	67
Llama-3.1-8B-Instruct/magicoder/seed43	Llama-3.1-8B-Instruct	magicoder	43	flat_e	magicoder	0.5	1	0.7083333333333334	1	0.024390243902439025	1	0.018292682926829267	1	0.07407407407407407	1	0.04411764705882353	1	1	164	18	24	54	68	9	17	4	3	50	4	7	17	9	9	3	65
Llama-3.1-8B-Instruct/magicoder/seed43	Llama-3.1-8B-Instruct	magicoder	43	hns_f4_s1	metamath	0.722972972972973	1	0.4879518072289157	1	0.0576194086429113	1	0.02577710386656558	1	0.23030303030303031	1	0.05037037037037037	1	1	1319	148	166	330	675	107	81	76	34	254	76	85	81	41	107	34	641
Llama-3.1-8B-Instruct/magicoder/seed43	Llama-3.1-8B-Instruct	magicoder	43	scalar_e	metamath	0.7635135135135135	1	0.5120481927710844	1	0.060652009097801364	1	0.03335860500379075	1	0.24242424242424243	1	0.06518518518518518	1	1	1319	148	166	330	675	113	85	80	44	250	80	81	85	35	113	44	631
Llama-3.1-8B-Instruct/magicoder/seed43	Llama-3.1-8B-Instruct	magicoder	43	flat_e	metamath	0.7162162162162162	1	0.4819277108433735	1	0.05079605761940864	1	0.026535253980288095	1	0.20303030303030303	1	0.05185185185185185	1	1	1319	148	166	330	675	106	80	67	35	263	67	86	80	42	106	35	640
Llama-3.1-8B-Instruct/magicoder/seed43	Llama-3.1-8B-Instruct	magicoder	43	hns_f4_s1	tulu	0.7657657657657657	1	0.2571428571428571	1	0.022181146025878003	1	0.038817005545286505	1	0.07058823529411765	1	0.09333333333333334	1	1	541	111	35	170	225	85	9	12	21	158	12	26	9	26	85	21	204
Llama-3.1-8B-Instruct/magicoder/seed43	Llama-3.1-8B-Instruct	magicoder	43	scalar_e	tulu	0.7387387387387387	1	0.37142857142857144	1	0.022181146025878003	1	0.036968576709796676	1	0.07058823529411765	1	0.08888888888888889	1	1	541	111	35	170	225	82	13	12	20	158	12	22	13	29	82	20	205
Llama-3.1-8B-Instruct/magicoder/seed43	Llama-3.1-8B-Instruct	magicoder	43	flat_e	tulu	0.7927927927927928	1	0.3142857142857143	1	0.027726432532347505	1	0.04251386321626617	1	0.08823529411764706	1	0.10222222222222223	1	1	541	111	35	170	225	88	11	15	23	155	15	24	11	23	88	23	202
Llama-3.1-8B-Instruct/magicoder/seed43	Llama-3.1-8B-Instruct	magicoder	43	hns_f4_s1	commonsense	0.8101822211225032	8	0.2747532554715095	8	0.011084093074055865	8	0.010075732755901547	8	0.049438746455674684	8	0.02148918414864736	8	8	22419	1730	1791	5547	13351	1437	461	444	218	5103	444	1330	461	293	1437	218	13133
Llama-3.1-8B-Instruct/magicoder/seed43	Llama-3.1-8B-Instruct	magicoder	43	scalar_e	commonsense	0.7860842239086183	8	0.27625572521771213	8	0.01070052026568565	8	0.012085349314743997	8	0.053934969963301244	8	0.02892900957463431	8	8	22419	1730	1791	5547	13351	1442	443	316	222	5231	316	1348	443	288	1442	222	13129
Llama-3.1-8B-Instruct/magicoder/seed43	Llama-3.1-8B-Instruct	magicoder	43	flat_e	commonsense	0.8015375651258823	8	0.28649472386008723	8	0.01120391167521392	8	0.010051099083958646	8	0.04962648725795479	8	0.021684072071396845	8	8	22419	1730	1791	5547	13351	1440	475	441	212	5106	441	1316	475	290	1440	212	13139
Llama-3.1-8B-Instruct/magicoder/seed44	Llama-3.1-8B-Instruct	magicoder	44	hns_f4_s1	magicoder	0.4	1	0.6818181818181818	1	0.012195121951219513	1	0.018292682926829267	1	0.03571428571428571	1	0.045454545454545456	1	1	164	20	22	56	66	8	15	2	3	54	2	7	15	12	8	3	63
Llama-3.1-8B-Instruct/magicoder/seed44	Llama-3.1-8B-Instruct	magicoder	44	scalar_e	magicoder	0.75	1	0.7272727272727273	1	0.012195121951219513	1	0.006097560975609756	1	0.03571428571428571	1	0.015151515151515152	1	1	164	20	22	56	66	15	16	2	1	54	2	6	16	5	15	1	65
Llama-3.1-8B-Instruct/magicoder/seed44	Llama-3.1-8B-Instruct	magicoder	44	flat_e	magicoder	0.45	1	0.7272727272727273	1	0.012195121951219513	1	0.018292682926829267	1	0.03571428571428571	1	0.045454545454545456	1	1	164	20	22	56	66	9	16	2	3	54	2	6	16	11	9	3	63
Llama-3.1-8B-Instruct/magicoder/seed44	Llama-3.1-8B-Instruct	magicoder	44	hns_f4_s1	metamath	0.7911392405063291	1	0.4824120603015075	1	0.05155420773313116	1	0.02577710386656558	1	0.22895622895622897	1	0.05112781954887218	1	1	1319	158	199	297	665	125	96	68	34	229	68	103	96	33	125	34	631
Llama-3.1-8B-Instruct/magicoder/seed44	Llama-3.1-8B-Instruct	magicoder	44	scalar_e	metamath	0.810126582278481	1	0.542713567839196	1	0.05458680818802123	1	0.029567854435178165	1	0.24242424242424243	1	0.058646616541353384	1	1	1319	158	199	297	665	128	108	72	39	225	72	91	108	30	128	39	626
Llama-3.1-8B-Instruct/magicoder/seed44	Llama-3.1-8B-Instruct	magicoder	44	flat_e	metamath	0.7784810126582279	1	0.49246231155778897	1	0.04700530705079606	1	0.025018953752843062	1	0.20875420875420875	1	0.04962406015037594	1	1	1319	158	199	297	665	123	98	62	33	235	62	101	98	35	123	33	632
Llama-3.1-8B-Instruct/magicoder/seed44	Llama-3.1-8B-Instruct	magicoder	44	hns_f4_s1	tulu	0.7777777777777778	1	0.37142857142857144	1	0.024029574861367836	1	0.04805914972273567	1	0.07647058823529412	1	0.10970464135021098	1	1	541	99	35	170	237	77	13	13	26	157	13	22	13	22	77	26	211
Llama-3.1-8B-Instruct/magicoder/seed44	Llama-3.1-8B-Instruct	magicoder	44	scalar_e	tulu	0.7777777777777778	1	0.4	1	0.024029574861367836	1	0.04436229205175601	1	0.07647058823529412	1	0.10126582278481013	1	1	541	99	35	170	237	77	14	13	24	157	13	21	14	22	77	24	213
Llama-3.1-8B-Instruct/magicoder/seed44	Llama-3.1-8B-Instruct	magicoder	44	flat_e	tulu	0.7171717171717171	1	0.37142857142857144	1	0.025878003696857672	1	0.038817005545286505	1	0.08235294117647059	1	0.08860759493670886	1	1	541	99	35	170	237	71	13	14	21	156	14	22	13	28	71	21	216
Llama-3.1-8B-Instruct/magicoder/seed44	Llama-3.1-8B-Instruct	magicoder	44	hns_f4_s1	commonsense	0.7745966445743326	8	0.3087902961263638	8	0.010492825158295017	8	0.009681643502430937	8	0.041488822757818414	8	0.018069639699917255	8	8	22419	1555	1407	5931	13526	1227	397	474	235	5457	474	1010	397	328	1227	235	13291
Llama-3.1-8B-Instruct/magicoder/seed44	Llama-3.1-8B-Instruct	magicoder	44	scalar_e	commonsense	0.7507719625649115	8	0.3181460241452977	8	0.009946746407149425	8	0.010320823070839504	8	0.0416525555729199	8	0.021355993024616375	8	8	22419	1555	1407	5931	13526	1223	388	340	197	5591	340	1019	388	332	1223	197	13329
Llama-3.1-8B-Instruct/magicoder/seed44	Llama-3.1-8B-Instruct	magicoder	44	flat_e	commonsense	0.7670357651397519	8	0.31626475943038856	8	0.010222340028612574	8	0.009131653401023485	8	0.04104799581525645	8	0.017077610585391978	8	8	22419	1555	1407	5931	13526	1224	403	463	220	5468	463	1004	403	331	1224	220	13306
Llama-3.1-8B-Instruct/metamath/seed42	Llama-3.1-8B-Instruct	metamath	42	hns_f4_s1	magicoder	0.47619047619047616	1	0.8333333333333334	1	0.036585365853658534	1	0.0	1	0.1111111111111111	1	0.0	1	1	164	21	24	54	65	10	20	6	0	48	6	4	20	11	10	0	65
Llama-3.1-8B-Instruct/metamath/seed42	Llama-3.1-8B-Instruct	metamath	42	scalar_e	magicoder	0.19047619047619047	1	0.9166666666666666	1	0.012195121951219513	1	0.0	1	0.037037037037037035	1	0.0	1	1	164	21	24	54	65	4	22	2	0	52	2	2	22	17	4	0	65
Llama-3.1-8B-Instruct/metamath/seed42	Llama-3.1-8B-Instruct	metamath	42	flat_e	magicoder	0.47619047619047616	1	0.7916666666666666	1	0.036585365853658534	1	0.0	1	0.1111111111111111	1	0.0	1	1	164	21	24	54	65	10	19	6	0	48	6	5	19	11	10	0	65
Llama-3.1-8B-Instruct/metamath/seed42	Llama-3.1-8B-Instruct	metamath	42	hns_f4_s1	metamath	0.4368932038834951	1	0.9057239057239057	1	0.03866565579984837	1	0.01592115238817286	1	0.2562814070351759	1	0.029166666666666667	1	1	1319	103	297	199	720	45	269	51	21	148	51	28	269	58	45	21	699
Llama-3.1-8B-Instruct/metamath/seed42	Llama-3.1-8B-Instruct	metamath	42	scalar_e	metamath	0.42718446601941745	1	0.898989898989899	1	0.02880970432145565	1	0.024260803639120546	1	0.19095477386934673	1	0.044444444444444446	1	1	1319	103	297	199	720	44	267	38	32	161	38	30	267	59	44	32	688
Llama-3.1-8B-Instruct/metamath/seed42	Llama-3.1-8B-Instruct	metamath	42	flat_e	metamath	0.4174757281553398	1	0.9292929292929293	1	0.03639120545868082	1	0.014404852160727824	1	0.24120603015075376	1	0.02638888888888889	1	1	1319	103	297	199	720	43	276	48	19	151	48	21	276	60	43	19	701
Llama-3.1-8B-Instruct/metamath/seed42	Llama-3.1-8B-Instruct	metamath	42	hns_f4_s1	tulu	0.5974025974025974	1	0.5428571428571428	1	0.018484288354898338	1	0.029574861367837338	1	0.058823529411764705	1	0.06177606177606178	1	1	541	77	35	170	259	46	19	10	16	160	10	16	19	31	46	16	243
Llama-3.1-8B-Instruct/metamath/seed42	Llama-3.1-8B-Instruct	metamath	42	scalar_e	tulu	0.5194805194805194	1	0.6571428571428571	1	0.0166358595194085	1	0.036968576709796676	1	0.052941176470588235	1	0.07722007722007722	1	1	541	77	35	170	259	40	23	9	20	161	9	12	23	37	40	20	239
Llama-3.1-8B-Instruct/metamath/seed42	Llama-3.1-8B-Instruct	metamath	42	flat_e	tulu	0.5324675324675324	1	0.6	1	0.018484288354898338	1	0.04066543438077634	1	0.058823529411764705	1	0.08494208494208494	1	1	541	77	35	170	259	41	21	10	22	160	10	14	21	36	41	22	237
Llama-3.1-8B-Instruct/metamath/seed42	Llama-3.1-8B-Instruct	metamath	42	hns_f4_s1	commonsense	0.5217379835487711	8	0.7332458263971066	8	0.012272671637984315	8	0.010946354411255839	8	0.06180028975700095	8	0.018251107880331054	8	8	22419	2688	995	6343	12393	1336	660	271	237	6072	271	335	660	1352	1336	237	12156
Llama-3.1-8B-Instruct/metamath/seed42	Llama-3.1-8B-Instruct	metamath	42	scalar_e	commonsense	0.3690111992841949	8	0.8049567375799598	8	0.011075784982763284	8	0.01048872515328584	8	0.05397553763032459	8	0.017981677800865334	8	8	22419	2688	995	6343	12393	916	726	202	235	6141	202	269	726	1772	916	235	12158
Llama-3.1-8B-Instruct/metamath/seed42	Llama-3.1-8B-Instruct	metamath	42	flat_e	commonsense	0.5187794436108015	8	0.735567322192096	8	0.012484402219744152	8	0.0110811354712021	8	0.06252283203856562	8	0.01833063485212533	8	8	22419	2688	995	6343	12393	1343	663	264	234	6079	264	332	663	1345	1343	234	12159
Llama-3.1-8B-Instruct/metamath/seed43	Llama-3.1-8B-Instruct	metamath	43	hns_f4_s1	magicoder	0.55	1	0.5	1	0.036585365853658534	1	0.036585365853658534	1	0.10714285714285714	1	0.09090909090909091	1	1	164	20	22	56	66	11	11	6	6	50	6	11	11	9	11	6	60
Llama-3.1-8B-Instruct/metamath/seed43	Llama-3.1-8B-Instruct	metamath	43	scalar_e	magicoder	0.5	1	0.6363636363636364	1	0.036585365853658534	1	0.018292682926829267	1	0.10714285714285714	1	0.045454545454545456	1	1	164	20	22	56	66	10	14	6	3	50	6	8	14	10	10	3	63
Llama-3.1-8B-Instruct/metamath/seed43	Llama-3.1-8B-Instruct	metamath	43	flat_e	magicoder	0.55	1	0.5	1	0.036585365853658534	1	0.042682926829268296	1	0.10714285714285714	1	0.10606060606060606	1	1	164	20	22	56	66	11	11	6	7	50	6	11	11	9	11	7	59
Llama-3.1-8B-Instruct/metamath/seed43	Llama-3.1-8B-Instruct	metamath	43	hns_f4_s1	metamath	0.5691056910569106	1	0.8517241379310345	1	0.0401819560272934	1	0.027293404094010616	1	0.25728155339805825	1	0.05142857142857143	1	1	1319	123	290	206	700	70	247	53	36	153	53	43	247	53	70	36	664
Llama-3.1-8B-Instruct/metamath/seed43	Llama-3.1-8B-Instruct	metamath	43	scalar_e	metamath	0.6260162601626016	1	0.8310344827586207	1	0.0401819560272934	1	0.024260803639120546	1	0.25728155339805825	1	0.045714285714285714	1	1	1319	123	290	206	700	77	241	53	32	153	53	49	241	46	77	32	668
Llama-3.1-8B-Instruct/metamath/seed43	Llama-3.1-8B-Instruct	metamath	43	flat_e	metamath	0.5365853658536586	1	0.8448275862068966	1	0.04245640636846096	1	0.02880970432145565	1	0.27184466019417475	1	0.054285714285714284	1	1	1319	123	290	206	700	66	245	56	38	150	56	45	245	57	66	38	662
Llama-3.1-8B-Instruct/metamath/seed43	Llama-3.1-8B-Instruct	metamath	43	hns_f4_s1	tulu	0.640625	1	0.34210526315789475	1	0.029574861367837338	1	0.018484288354898338	1	0.09580838323353294	1	0.03676470588235294	1	1	541	64	38	167	272	41	13	16	10	151	16	25	13	23	41	10	262
Llama-3.1-8B-Instruct/metamath/seed43	Llama-3.1-8B-Instruct	metamath	43	scalar_e	tulu	0.6875	1	0.39473684210526316	1	0.025878003696857672	1	0.029574861367837338	1	0.08383233532934131	1	0.058823529411764705	1	1	541	64	38	167	272	44	15	14	16	153	14	23	15	20	44	16	256
Llama-3.1-8B-Instruct/metamath/seed43	Llama-3.1-8B-Instruct	metamath	43	flat_e	tulu	0.640625	1	0.34210526315789475	1	0.02033271719038817	1	0.0166358595194085	1	0.0658682634730539	1	0.03308823529411765	1	1	541	64	38	167	272	41	13	11	9	156	11	25	13	23	41	9	263
Llama-3.1-8B-Instruct/metamath/seed43	Llama-3.1-8B-Instruct	metamath	43	hns_f4_s1	commonsense	0.6989138123559258	8	0.6289833483439842	8	0.0196510612889369	8	0.0067413212523359635	8	0.0793704088672475	8	0.011793082890502044	8	8	22419	2944	826	6512	12137	2168	518	661	154	5851	661	308	518	776	2168	154	11983
Llama-3.1-8B-Instruct/metamath/seed43	Llama-3.1-8B-Instruct	metamath	43	scalar_e	commonsense	0.6555653227283302	8	0.6152903028327898	8	0.018347243788668307	8	0.00936771415819226	8	0.07678590662334218	8	0.016815666255549845	8	8	22419	2944	826	6512	12137	2015	510	525	181	5987	525	316	510	929	2015	181	11956
Llama-3.1-8B-Instruct/metamath/seed43	Llama-3.1-8B-Instruct	metamath	43	flat_e	commonsense	0.6975560332369264	8	0.6286934172681675	8	0.019651823672337594	8	0.006661882024409267	8	0.079401654520474	8	0.011551314356798218	8	8	22419	2944	826	6512	12137	2157	519	656	149	5856	656	307	519	787	2157	149	11988
Llama-3.1-8B-Instruct/metamath/seed44	Llama-3.1-8B-Instruct	metamath	44	hns_f4_s1	magicoder	0.4117647058823529	1	0.5454545454545454	1	0.024390243902439025	1	0.024390243902439025	1	0.07142857142857142	1	0.057971014492753624	1	1	164	17	22	56	69	7	12	4	4	52	4	10	12	10	7	4	65
Llama-3.1-8B-Instruct/metamath/seed44	Llama-3.1-8B-Instruct	metamath	44	scalar_e	magicoder	0.5294117647058824	1	0.6818181818181818	1	0.03048780487804878	1	0.024390243902439025	1	0.08928571428571429	1	0.057971014492753624	1	1	164	17	22	56	69	9	15	5	4	51	5	7	15	8	9	4	65
Llama-3.1-8B-Instruct/metamath/seed44	Llama-3.1-8B-Instruct	metamath	44	flat_e	magicoder	0.4117647058823529	1	0.5909090909090909	1	0.024390243902439025	1	0.036585365853658534	1	0.07142857142857142	1	0.08695652173913043	1	1	164	17	22	56	69	7	13	4	6	52	4	9	13	10	7	6	63
Llama-3.1-8B-Instruct/metamath/seed44	Llama-3.1-8B-Instruct	metamath	44	hns_f4_s1	metamath	0.6507936507936508	1	0.8526315789473684	1	0.043214556482183475	1	0.028051554207733132	1	0.27014218009478674	1	0.05308464849354376	1	1	1319	126	285	211	697	82	243	57	37	154	57	42	243	44	82	37	660
Llama-3.1-8B-Instruct/metamath/seed44	Llama-3.1-8B-Instruct	metamath	44	scalar_e	metamath	0.6428571428571429	1	0.8350877192982457	1	0.04397270659590599	1	0.02577710386656558	1	0.27488151658767773	1	0.04878048780487805	1	1	1319	126	285	211	697	81	238	58	34	153	58	47	238	45	81	34	663
Llama-3.1-8B-Instruct/metamath/seed44	Llama-3.1-8B-Instruct	metamath	44	flat_e	metamath	0.6349206349206349	1	0.8456140350877193	1	0.04245640636846096	1	0.025018953752843062	1	0.26540284360189575	1	0.047345767575322814	1	1	1319	126	285	211	697	80	241	56	33	155	56	44	241	46	80	33	664
Llama-3.1-8B-Instruct/metamath/seed44	Llama-3.1-8B-Instruct	metamath	44	hns_f4_s1	tulu	0.6551724137931034	1	0.3953488372093023	1	0.02033271719038817	1	0.0166358595194085	1	0.06790123456790123	1	0.03237410071942446	1	1	541	58	43	162	278	38	17	11	9	151	11	26	17	20	38	9	269
Llama-3.1-8B-Instruct/metamath/seed44	Llama-3.1-8B-Instruct	metamath	44	scalar_e	tulu	0.6379310344827587	1	0.37209302325581395	1	0.018484288354898338	1	0.024029574861367836	1	0.06172839506172839	1	0.046762589928057555	1	1	541	58	43	162	278	37	16	10	13	152	10	27	16	21	37	13	265
Llama-3.1-8B-Instruct/metamath/seed44	Llama-3.1-8B-Instruct	metamath	44	flat_e	tulu	0.6206896551724138	1	0.37209302325581395	1	0.022181146025878003	1	0.024029574861367836	1	0.07407407407407407	1	0.046762589928057555	1	1	541	58	43	162	278	36	16	12	13	150	12	27	16	22	36	13	265
Llama-3.1-8B-Instruct/metamath/seed44	Llama-3.1-8B-Instruct	metamath	44	hns_f4_s1	commonsense	0.6986506418159677	8	0.6109353828521761	8	0.018946060179616128	8	0.0072506173992330876	8	0.0811508251613658	8	0.012730817002781876	8	8	22419	2938	907	6431	12143	2156	554	641	152	5790	641	353	554	782	2156	152	11991
Llama-3.1-8B-Instruct/metamath/seed44	Llama-3.1-8B-Instruct	metamath	44	scalar_e	commonsense	0.6782275391879775	8	0.5891919750886316	8	0.016457271925844688	8	0.009003273349566474	8	0.07254948386539775	8	0.015992900990649435	8	8	22419	2938	907	6431	12143	2065	539	525	180	5906	525	368	539	873	2065	180	11963
Llama-3.1-8B-Instruct/metamath/seed44	Llama-3.1-8B-Instruct	metamath	44	flat_e	commonsense	0.7014150454649751	8	0.6162899092781311	8	0.018865719228247188	8	0.007376506448536967	8	0.07992615189551172	8	0.013011118860545165	8	8	22419	2938	907	6431	12143	2161	560	639	157	5792	639	347	560	777	2161	157	11986
Llama-3.1-8B-Instruct/tulu/seed42	Llama-3.1-8B-Instruct	tulu	42	hns_f4_s1	magicoder	0.42857142857142855	1	0.84	1	0.012195121951219513	1	0.012195121951219513	1	0.03773584905660377	1	0.02531645569620253	1	1	164	7	25	53	79	3	21	2	2	51	2	4	21	4	3	2	77
Llama-3.1-8B-Instruct/tulu/seed42	Llama-3.1-8B-Instruct	tulu	42	scalar_e	magicoder	0.42857142857142855	1	0.84	1	0.012195121951219513	1	0.018292682926829267	1	0.03773584905660377	1	0.0379746835443038	1	1	164	7	25	53	79	3	21	2	3	51	2	4	21	4	3	3	76
Llama-3.1-8B-Instruct/tulu/seed42	Llama-3.1-8B-Instruct	tulu	42	flat_e	magicoder	0.42857142857142855	1	0.8	1	0.012195121951219513	1	0.024390243902439025	1	0.03773584905660377	1	0.05063291139240506	1	1	164	7	25	53	79	3	20	2	4	51	2	5	20	4	3	4	75
Llama-3.1-8B-Instruct/tulu/seed42	Llama-3.1-8B-Instruct	tulu	42	hns_f4_s1	metamath	0.7230769230769231	1	0.6198347107438017	1	0.04927975739196361	1	0.02880970432145565	1	0.17333333333333334	1	0.06050955414012739	1	1	1319	195	121	375	628	141	75	65	38	310	65	46	75	54	141	38	590
Llama-3.1-8B-Instruct/tulu/seed42	Llama-3.1-8B-Instruct	tulu	42	scalar_e	metamath	0.7384615384615385	1	0.7024793388429752	1	0.058377558756633814	1	0.029567854435178165	1	0.20533333333333334	1	0.06210191082802548	1	1	1319	195	121	375	628	144	85	77	39	298	77	36	85	51	144	39	589
Llama-3.1-8B-Instruct/tulu/seed42	Llama-3.1-8B-Instruct	tulu	42	flat_e	metamath	0.7282051282051282	1	0.6528925619834711	1	0.047763457164518575	1	0.02577710386656558	1	0.168	1	0.054140127388535034	1	1	1319	195	121	375	628	142	79	63	34	312	63	42	79	53	142	34	594
Llama-3.1-8B-Instruct/tulu/seed42	Llama-3.1-8B-Instruct	tulu	42	hns_f4_s1	tulu	0.5	1	0.6833333333333333	1	0.029574861367837338	1	0.027726432532347505	1	0.1103448275862069	1	0.05319148936170213	1	1	541	54	60	145	282	27	41	16	15	129	16	19	41	27	27	15	267
Llama-3.1-8B-Instruct/tulu/seed42	Llama-3.1-8B-Instruct	tulu	42	scalar_e	tulu	0.6296296296296297	1	0.7166666666666667	1	0.025878003696857672	1	0.025878003696857672	1	0.09655172413793103	1	0.04964539007092199	1	1	541	54	60	145	282	34	43	14	14	131	14	17	43	20	34	14	268
Llama-3.1-8B-Instruct/tulu/seed42	Llama-3.1-8B-Instruct	tulu	42	flat_e	tulu	0.5	1	0.6666666666666666	1	0.025878003696857672	1	0.024029574861367836	1	0.09655172413793103	1	0.04609929078014184	1	1	541	54	60	145	282	27	40	14	13	131	14	20	40	27	27	13	269
Llama-3.1-8B-Instruct/tulu/seed42	Llama-3.1-8B-Instruct	tulu	42	hns_f4_s1	commonsense	0.2601167057617829	8	0.6878329323165657	8	0.0021252227592368925	8	0.007773853588722606	8	0.011137820859091213	8	0.012699568123797845	8	8	22419	1781	1384	5954	13300	398	938	45	198	5909	45	446	938	1383	398	198	13102
Llama-3.1-8B-Instruct/tulu/seed42	Llama-3.1-8B-Instruct	tulu	42	scalar_e	commonsense	0.3081209480327139	8	0.5668598862972082	8	0.0024463084835931338	8	0.013768263058438687	8	0.013364944291933665	8	0.023758171937784	8	8	22419	1781	1384	5954	13300	327	767	51	505	5903	51	617	767	1454	327	505	12795
Llama-3.1-8B-Instruct/tulu/seed42	Llama-3.1-8B-Instruct	tulu	42	flat_e	commonsense	0.25888737194025224	8	0.6849764047111089	8	0.0020580971950835076	8	0.007433952935136252	8	0.010819633925134244	8	0.012220962137704194	8	8	22419	1781	1384	5954	13300	396	929	42	207	5912	42	455	929	1385	396	207	13093
Llama-3.1-8B-Instruct/tulu/seed43	Llama-3.1-8B-Instruct	tulu	43	hns_f4_s1	magicoder	0.4444444444444444	1	0.8571428571428571	1	0.006097560975609756	1	0.012195121951219513	1	0.02	1	0.025974025974025976	1	1	164	9	28	50	77	4	24	1	2	49	1	4	24	5	4	2	75
Llama-3.1-8B-Instruct/tulu/seed43	Llama-3.1-8B-Instruct	tulu	43	scalar_e	magicoder	0.5555555555555556	1	0.7857142857142857	1	0.012195121951219513	1	0.018292682926829267	1	0.04	1	0.03896103896103896	1	1	164	9	28	50	77	5	22	2	3	48	2	6	22	4	5	3	74
Llama-3.1-8B-Instruct/tulu/seed43	Llama-3.1-8B-Instruct	tulu	43	flat_e	magicoder	0.5555555555555556	1	0.8214285714285714	1	0.012195121951219513	1	0.012195121951219513	1	0.04	1	0.025974025974025976	1	1	164	9	28	50	77	5	23	2	2	48	2	5	23	4	5	2	75
Llama-3.1-8B-Instruct/tulu/seed43	Llama-3.1-8B-Instruct	tulu	43	hns_f4_s1	metamath	0.5510204081632653	1	0.6641221374045801	1	0.05155420773313116	1	0.0356330553449583	1	0.1863013698630137	1	0.06482758620689655	1	1	1319	98	131	365	725	54	87	68	47	297	68	44	87	44	54	47	678
Llama-3.1-8B-Instruct/tulu/seed43	Llama-3.1-8B-Instruct	tulu	43	scalar_e	metamath	0.5612244897959183	1	0.648854961832061	1	0.0401819560272934	1	0.0310841546626232	1	0.14520547945205478	1	0.05655172413793103	1	1	1319	98	131	365	725	55	85	53	41	312	53	46	85	43	55	41	684
Llama-3.1-8B-Instruct/tulu/seed43	Llama-3.1-8B-Instruct	tulu	43	flat_e	metamath	0.5408163265306123	1	0.6412213740458015	1	0.05155420773313116	1	0.03411675511751327	1	0.1863013698630137	1	0.06206896551724138	1	1	1319	98	131	365	725	53	84	68	45	297	68	47	84	45	53	45	680
Llama-3.1-8B-Instruct/tulu/seed43	Llama-3.1-8B-Instruct	tulu	43	hns_f4_s1	tulu	0.43859649122807015	1	0.7377049180327869	1	0.025878003696857672	1	0.018484288354898338	1	0.09722222222222222	1	0.035842293906810034	1	1	541	57	61	144	279	25	45	14	10	130	14	16	45	32	25	10	269
Llama-3.1-8B-Instruct/tulu/seed43	Llama-3.1-8B-Instruct	tulu	43	scalar_e	tulu	0.38596491228070173	1	0.6721311475409836	1	0.025878003696857672	1	0.022181146025878003	1	0.09722222222222222	1	0.043010752688172046	1	1	541	57	61	144	279	22	41	14	12	130	14	20	41	35	22	12	267
Llama-3.1-8B-Instruct/tulu/seed43	Llama-3.1-8B-Instruct	tulu	43	flat_e	tulu	0.40350877192982454	1	0.7377049180327869	1	0.024029574861367836	1	0.029574861367837338	1	0.09027777777777778	1	0.05734767025089606	1	1	541	57	61	144	279	23	45	13	16	131	13	16	45	34	23	16	263
Llama-3.1-8B-Instruct/tulu/seed43	Llama-3.1-8B-Instruct	tulu	43	hns_f4_s1	commonsense	0.406070451636409	8	0.5973269430820489	8	0.003263391755016152	8	0.008083981579486905	8	0.02317852262358089	8	0.013063431265438286	8	8	22419	1402	1963	5375	13679	484	1138	74	229	5301	74	825	1138	918	484	229	13450
Llama-3.1-8B-Instruct/tulu/seed43	Llama-3.1-8B-Instruct	tulu	43	scalar_e	commonsense	0.41021307504747084	8	0.6132047651283485	8	0.0027381032949893728	8	0.007875594295944359	8	0.01870662276866552	8	0.013260478988601287	8	8	22419	1402	1963	5375	13679	470	1131	57	265	5318	57	832	1131	932	470	265	13414
Llama-3.1-8B-Instruct/tulu/seed43	Llama-3.1-8B-Instruct	tulu	43	flat_e	commonsense	0.41350875543411203	8	0.58622547668904	8	0.0028265094422445063	8	0.008138656673348342	8	0.020860997701818963	8	0.013169587451214174	8	8	22419	1402	1963	5375	13679	489	1137	64	233	5311	64	826	1137	913	489	233	13446
Llama-3.1-8B-Instruct/tulu/seed44	Llama-3.1-8B-Instruct	tulu	44	hns_f4_s1	magicoder	0.42857142857142855	1	0.7692307692307693	1	0.024390243902439025	1	0.018292682926829267	1	0.07692307692307693	1	0.0379746835443038	1	1	164	7	26	52	79	3	20	4	3	48	4	6	20	4	3	3	76
Llama-3.1-8B-Instruct/tulu/seed44	Llama-3.1-8B-Instruct	tulu	44	scalar_e	magicoder	0.2857142857142857	1	0.8846153846153846	1	0.018292682926829267	1	0.018292682926829267	1	0.057692307692307696	1	0.0379746835443038	1	1	164	7	26	52	79	2	23	3	3	49	3	3	23	5	2	3	76
Llama-3.1-8B-Instruct/tulu/seed44	Llama-3.1-8B-Instruct	tulu	44	flat_e	magicoder	0.42857142857142855	1	0.7692307692307693	1	0.024390243902439025	1	0.018292682926829267	1	0.07692307692307693	1	0.0379746835443038	1	1	164	7	26	52	79	3	20	4	3	48	4	6	20	4	3	3	76
Llama-3.1-8B-Instruct/tulu/seed44	Llama-3.1-8B-Instruct	tulu	44	hns_f4_s1	metamath	0.6369426751592356	1	0.6068376068376068	1	0.03184230477634572	1	0.02577710386656558	1	0.11081794195250659	1	0.05105105105105105	1	1	1319	157	117	379	666	100	71	42	34	337	42	46	71	57	100	34	632
Llama-3.1-8B-Instruct/tulu/seed44	Llama-3.1-8B-Instruct	tulu	44	scalar_e	metamath	0.6369426751592356	1	0.6752136752136753	1	0.05155420773313116	1	0.024260803639120546	1	0.17941952506596306	1	0.04804804804804805	1	1	1319	157	117	379	666	100	79	68	32	311	68	38	79	57	100	32	634
Llama-3.1-8B-Instruct/tulu/seed44	Llama-3.1-8B-Instruct	tulu	44	flat_e	metamath	0.6114649681528662	1	0.6324786324786325	1	0.029567854435178165	1	0.028051554207733132	1	0.10290237467018469	1	0.05555555555555555	1	1	1319	157	117	379	666	96	74	39	37	340	39	43	74	61	96	37	629
Llama-3.1-8B-Instruct/tulu/seed44	Llama-3.1-8B-Instruct	tulu	44	hns_f4_s1	tulu	0.4	1	0.7166666666666667	1	0.033271719038817	1	0.018484288354898338	1	0.12413793103448276	1	0.036231884057971016	1	1	541	60	60	145	276	24	43	18	10	127	18	17	43	36	24	10	266
Llama-3.1-8B-Instruct/tulu/seed44	Llama-3.1-8B-Instruct	tulu	44	scalar_e	tulu	0.43333333333333335	1	0.6666666666666666	1	0.027726432532347505	1	0.02033271719038817	1	0.10344827586206896	1	0.03985507246376811	1	1	541	60	60	145	276	26	40	15	11	130	15	20	40	34	26	11	265
Llama-3.1-8B-Instruct/tulu/seed44	Llama-3.1-8B-Instruct	tulu	44	flat_e	tulu	0.48333333333333334	1	0.7166666666666667	1	0.031423290203327174	1	0.024029574861367836	1	0.11724137931034483	1	0.04710144927536232	1	1	541	60	60	145	276	29	43	17	13	128	17	17	43	31	29	13	263
Llama-3.1-8B-Instruct/tulu/seed44	Llama-3.1-8B-Instruct	tulu	44	hns_f4_s1	commonsense	0.41697666926711474	8	0.5543592054018975	8	0.0046331409584132125	8	0.013777794829163467	8	0.03004330583645893	8	0.02329766454205922	8	8	22419	1422	1891	5447	13659	493	984	87	470	5360	87	907	984	929	493	470	13189
Llama-3.1-8B-Instruct/tulu/seed44	Llama-3.1-8B-Instruct	tulu	44	scalar_e	commonsense	0.3934918587137183	8	0.6013748126514461	8	0.003842319276048746	8	0.01113976913332144	8	0.02566248044921653	8	0.018762745636518568	8	8	22419	1422	1891	5447	13659	451	1054	74	397	5373	74	837	1054	971	451	397	13262
Llama-3.1-8B-Instruct/tulu/seed44	Llama-3.1-8B-Instruct	tulu	44	flat_e	commonsense	0.4174714962785813	8	0.560227104280899	8	0.004393951154653173	8	0.01411919913595399	8	0.028920405241685855	8	0.023879962479050342	8	8	22419	1422	1891	5447	13659	486	989	85	476	5362	85	902	989	936	486	476	13183
Qwen3-8B/magicoder/seed42	Qwen3-8B	magicoder	42	hns_f4_s1	magicoder	0.8666666666666667	1	0.5714285714285714	1	0.012195121951219513	1	0.0	1	0.07407407407407407	1	0.0	1	1	164	30	28	27	79	26	16	2	0	25	2	12	16	4	26	0	79
Qwen3-8B/magicoder/seed42	Qwen3-8B	magicoder	42	scalar_e	magicoder	0.8666666666666667	1	0.5714285714285714	1	0.024390243902439025	1	0.006097560975609756	1	0.14814814814814814	1	0.012658227848101266	1	1	164	30	28	27	79	26	16	4	1	23	4	12	16	4	26	1	78
Qwen3-8B/magicoder/seed42	Qwen3-8B	magicoder	42	flat_e	magicoder	0.8666666666666667	1	0.5714285714285714	1	0.018292682926829267	1	0.0	1	0.1111111111111111	1	0.0	1	1	164	30	28	27	79	26	16	3	0	24	3	12	16	4	26	0	79
Qwen3-8B/magicoder/seed42	Qwen3-8B	magicoder	42	hns_f4_s1	metamath	0.7961165048543689	1	0.6962025316455697	1	0.01819560272934041	1	0.015163002274450341	1	0.22018348623853212	1	0.019455252918287938	1	1	1319	103	79	109	1028	82	55	24	20	85	24	24	55	21	82	20	1008
Qwen3-8B/magicoder/seed42	Qwen3-8B	magicoder	42	scalar_e	metamath	0.8640776699029126	1	0.7088607594936709	1	0.021986353297952996	1	0.01592115238817286	1	0.26605504587155965	1	0.020428015564202335	1	1	1319	103	79	109	1028	89	56	29	21	80	29	23	56	14	89	21	1007
Qwen3-8B/magicoder/seed42	Qwen3-8B	magicoder	42	flat_e	metamath	0.8155339805825242	1	0.7088607594936709	1	0.016679302501895376	1	0.011372251705837756	1	0.2018348623853211	1	0.014591439688715954	1	1	1319	103	79	109	1028	84	56	22	15	87	22	23	56	19	84	15	1013
Qwen3-8B/magicoder/seed42	Qwen3-8B	magicoder	42	hns_f4_s1	tulu	0.8490566037735849	1	0.5	1	0.018484288354898338	1	0.012939001848428836	1	0.07575757575757576	1	0.021604938271604937	1	1	541	53	32	132	324	45	16	10	7	122	10	16	16	8	45	7	317
Qwen3-8B/magicoder/seed42	Qwen3-8B	magicoder	42	scalar_e	tulu	0.8490566037735849	1	0.5	1	0.024029574861367836	1	0.018484288354898338	1	0.09848484848484848	1	0.030864197530864196	1	1	541	53	32	132	324	45	16	13	10	119	13	16	16	8	45	10	314
Qwen3-8B/magicoder/seed42	Qwen3-8B	magicoder	42	flat_e	tulu	0.8490566037735849	1	0.5	1	0.02033271719038817	1	0.0166358595194085	1	0.08333333333333333	1	0.027777777777777776	1	1	541	53	32	132	324	45	16	11	9	121	11	16	16	8	45	9	315
Qwen3-8B/magicoder/seed42	Qwen3-8B	magicoder	42	hns_f4_s1	commonsense	0.775234205524315	8	0.35040094460587234	8	0.0033478812143048105	8	0.0009094722747836962	8	0.02336959935818491	8	0.0012398393032811515	8	8	22419	494	587	2981	18357	411	185	72	27	2909	72	402	185	83	411	27	18330
Qwen3-8B/magicoder/seed42	Qwen3-8B	magicoder	42	scalar_e	commonsense	0.7456930798635244	8	0.3871233009983011	8	0.004026477375089786	8	0.0018436075638385398	8	0.02500067205952974	8	0.002618769503377337	8	8	22419	494	587	2981	18357	402	210	86	44	2895	86	377	210	92	402	44	18313
Qwen3-8B/magicoder/seed42	Qwen3-8B	magicoder	42	flat_e	commonsense	0.7822112068511615	8	0.35461324643361064	8	0.002871246745825382	8	0.001208075126375299	8	0.020380793032167374	8	0.001615687970160641	8	8	22419	494	587	2981	18357	412	187	68	31	2913	68	400	187	82	412	31	18326
Qwen3-8B/magicoder/seed43	Qwen3-8B	magicoder	43	hns_f4_s1	magicoder	0.7741935483870968	1	0.52	1	0.042682926829268296	1	0.0	1	0.23333333333333334	1	0.0	1	1	164	31	25	30	78	24	13	7	0	23	7	12	13	7	24	0	78
Qwen3-8B/magicoder/seed43	Qwen3-8B	magicoder	43	scalar_e	magicoder	0.7741935483870968	1	0.6	1	0.054878048780487805	1	0.0	1	0.3	1	0.0	1	1	164	31	25	30	78	24	15	9	0	21	9	10	15	7	24	0	78
Qwen3-8B/magicoder/seed43	Qwen3-8B	magicoder	43	flat_e	magicoder	0.8064516129032258	1	0.56	1	0.036585365853658534	1	0.0	1	0.2	1	0.0	1	1	164	31	25	30	78	25	14	6	0	24	6	11	14	6	25	0	78
Qwen3-8B/magicoder/seed43	Qwen3-8B	magicoder	43	hns_f4_s1	metamath	0.8389830508474576	1	0.6842105263157895	1	0.018953752843062926	1	0.013646702047005308	1	0.22321428571428573	1	0.017769002961500493	1	1	1319	118	76	112	1013	99	52	25	18	87	25	24	52	19	99	18	995
Qwen3-8B/magicoder/seed43	Qwen3-8B	magicoder	43	scalar_e	metamath	0.8389830508474576	1	0.6973684210526315	1	0.02047005307050796	1	0.01592115238817286	1	0.24107142857142858	1	0.02073050345508391	1	1	1319	118	76	112	1013	99	53	27	21	85	27	23	53	19	99	21	992
Qwen3-8B/magicoder/seed43	Qwen3-8B	magicoder	43	flat_e	metamath	0.8050847457627118	1	0.6973684210526315	1	0.018953752843062926	1	0.016679302501895376	1	0.22321428571428573	1	0.02171767028627838	1	1	1319	118	76	112	1013	95	53	25	22	87	25	23	53	23	95	22	991
Qwen3-8B/magicoder/seed43	Qwen3-8B	magicoder	43	hns_f4_s1	tulu	0.8297872340425532	1	0.4375	1	0.022181146025878003	1	0.0166358595194085	1	0.09090909090909091	1	0.02727272727272727	1	1	541	47	32	132	330	39	14	12	9	120	12	18	14	8	39	9	321
Qwen3-8B/magicoder/seed43	Qwen3-8B	magicoder	43	scalar_e	tulu	0.7872340425531915	1	0.40625	1	0.018484288354898338	1	0.02033271719038817	1	0.07575757575757576	1	0.03333333333333333	1	1	541	47	32	132	330	37	13	10	11	122	10	19	13	10	37	11	319
Qwen3-8B/magicoder/seed43	Qwen3-8B	magicoder	43	flat_e	tulu	0.8085106382978723	1	0.4375	1	0.02033271719038817	1	0.018484288354898338	1	0.08333333333333333	1	0.030303030303030304	1	1	541	47	32	132	330	38	14	11	10	121	11	18	14	9	38	10	320
Qwen3-8B/magicoder/seed43	Qwen3-8B	magicoder	43	hns_f4_s1	commonsense	0.7575174921165155	8	0.3467440836012762	8	0.002272001023461838	8	0.0010555561461342152	8	0.017847242684150732	8	0.0013326275216466654	8	8	22419	456	606	2962	18395	361	199	53	31	2909	53	407	199	95	361	31	18364
Qwen3-8B/magicoder/seed43	Qwen3-8B	magicoder	43	scalar_e	commonsense	0.7098129039735671	8	0.42812572080647837	8	0.00345245320670889	8	0.001483876369089448	8	0.02599366006007852	8	0.0018996323166998678	8	8	22419	456	606	2962	18395	342	242	83	50	2879	83	364	242	114	342	50	18345
Qwen3-8B/magicoder/seed43	Qwen3-8B	magicoder	43	flat_e	commonsense	0.7572084616582413	8	0.35989388629064445	8	0.002034448743039611	8	0.0010005819934917	8	0.016179685256249993	8	0.0012684498846644275	8	8	22419	456	606	2962	18395	362	204	53	32	2909	53	402	204	94	362	32	18363
Qwen3-8B/magicoder/seed44	Qwen3-8B	magicoder	44	hns_f4_s1	magicoder	0.7857142857142857	1	0.6	1	0.024390243902439025	1	0.0	1	0.13333333333333333	1	0.0	1	1	164	28	25	30	81	22	15	4	0	26	4	10	15	6	22	0	81
Qwen3-8B/magicoder/seed44	Qwen3-8B	magicoder	44	scalar_e	magicoder	0.8214285714285714	1	0.68	1	0.042682926829268296	1	0.006097560975609756	1	0.23333333333333334	1	0.012345679012345678	1	1	164	28	25	30	81	23	17	7	1	23	7	8	17	5	23	1	80
Qwen3-8B/magicoder/seed44	Qwen3-8B	magicoder	44	flat_e	magicoder	0.7857142857142857	1	0.56	1	0.036585365853658534	1	0.0	1	0.2	1	0.0	1	1	164	28	25	30	81	22	14	6	0	24	6	11	14	6	22	0	81
Qwen3-8B/magicoder/seed44	Qwen3-8B	magicoder	44	hns_f4_s1	metamath	0.822429906542056	1	0.6941176470588235	1	0.018953752843062926	1	0.013646702047005308	1	0.24271844660194175	1	0.017578125	1	1	1319	107	85	103	1024	88	59	25	18	78	25	26	59	19	88	18	1006
Qwen3-8B/magicoder/seed44	Qwen3-8B	magicoder	44	scalar_e	metamath	0.8504672897196262	1	0.7176470588235294	1	0.012130401819560273	1	0.016679302501895376	1	0.1553398058252427	1	0.021484375	1	1	1319	107	85	103	1024	91	61	16	22	87	16	24	61	16	91	22	1002
Qwen3-8B/magicoder/seed44	Qwen3-8B	magicoder	44	flat_e	metamath	0.8130841121495327	1	0.7176470588235294	1	0.015163002274450341	1	0.01592115238817286	1	0.1941747572815534	1	0.0205078125	1	1	1319	107	85	103	1024	87	61	20	21	83	20	24	61	20	87	21	1003
Qwen3-8B/magicoder/seed44	Qwen3-8B	magicoder	44	hns_f4_s1	tulu	0.8367346938775511	1	0.375	1	0.022181146025878003	1	0.022181146025878003	1	0.0967741935483871	1	0.036585365853658534	1	1	541	49	40	124	328	41	15	12	12	112	12	25	15	8	41	12	316
Qwen3-8B/magicoder/seed44	Qwen3-8B	magicoder	44	scalar_e	tulu	0.9387755102040817	1	0.375	1	0.029574861367837338	1	0.024029574861367836	1	0.12903225806451613	1	0.039634146341463415	1	1	541	49	40	124	328	46	15	16	13	108	16	25	15	3	46	13	315
Qwen3-8B/magicoder/seed44	Qwen3-8B	magicoder	44	flat_e	tulu	0.8775510204081632	1	0.375	1	0.018484288354898338	1	0.0166358595194085	1	0.08064516129032258	1	0.027439024390243903	1	1	541	49	40	124	328	43	15	10	9	114	10	25	15	6	43	9	319
Qwen3-8B/magicoder/seed44	Qwen3-8B	magicoder	44	hns_f4_s1	commonsense	0.7868638553906411	8	0.37678316586857746	8	0.002591044415354268	8	0.0013743297681720753	8	0.020740087386535398	8	0.0017606083214840753	8	8	22419	476	599	2969	18375	385	203	58	33	2911	58	396	203	91	385	33	18342
Qwen3-8B/magicoder/seed44	Qwen3-8B	magicoder	44	scalar_e	commonsense	0.7560504453158674	8	0.4647932173823177	8	0.003279336824361287	8	0.002131956282243011	8	0.021552451835861623	8	0.002765353851291791	8	8	22419	476	599	2969	18375	360	248	76	52	2893	76	351	248	116	360	52	18323
Qwen3-8B/magicoder/seed44	Qwen3-8B	magicoder	44	flat_e	commonsense	0.7991834216468957	8	0.39132140472303006	8	0.0027507813779932212	8	0.0014547861928641032	8	0.020678907690994418	8	0.001856706040223229	8	8	22419	476	599	2969	18375	382	206	65	35	2904	65	393	206	94	382	35	18340
Qwen3-8B/metamath/seed42	Qwen3-8B	metamath	42	hns_f4_s1	magicoder	0.5185185185185185	1	0.6521739130434783	1	0.018292682926829267	1	0.018292682926829267	1	0.09375	1	0.036585365853658534	1	1	164	27	23	32	82	14	15	3	3	29	3	8	15	13	14	3	79
Qwen3-8B/metamath/seed42	Qwen3-8B	metamath	42	scalar_e	magicoder	0.48148148148148145	1	0.43478260869565216	1	0.024390243902439025	1	0.012195121951219513	1	0.125	1	0.024390243902439025	1	1	164	27	23	32	82	13	10	4	2	28	4	13	10	14	13	2	80
Qwen3-8B/metamath/seed42	Qwen3-8B	metamath	42	flat_e	magicoder	0.5185185185185185	1	0.6086956521739131	1	0.018292682926829267	1	0.018292682926829267	1	0.09375	1	0.036585365853658534	1	1	164	27	23	32	82	14	14	3	3	29	3	9	14	13	14	3	79
Qwen3-8B/metamath/seed42	Qwen3-8B	metamath	42	hns_f4_s1	metamath	0.6538461538461539	1	0.7431192660550459	1	0.01061410159211524	1	0.013646702047005308	1	0.17721518987341772	1	0.017982017982017984	1	1	1319	130	109	79	1001	85	81	14	18	65	14	28	81	45	85	18	983
Qwen3-8B/metamath/seed42	Qwen3-8B	metamath	42	scalar_e	metamath	0.676923076923077	1	0.6422018348623854	1	0.009855951478392721	1	0.018953752843062926	1	0.16455696202531644	1	0.024975024975024976	1	1	1319	130	109	79	1001	88	70	13	25	66	13	39	70	42	88	25	976
Qwen3-8B/metamath/seed42	Qwen3-8B	metamath	42	flat_e	metamath	0.6538461538461539	1	0.7339449541284404	1	0.011372251705837756	1	0.01288855193328279	1	0.189873417721519	1	0.016983016983016984	1	1	1319	130	109	79	1001	85	80	15	17	64	15	29	80	45	85	17	984
Qwen3-8B/metamath/seed42	Qwen3-8B	metamath	42	hns_f4_s1	tulu	0.8461538461538461	1	0.5277777777777778	1	0.018484288354898338	1	0.011090573012939002	1	0.078125	1	0.018461538461538463	1	1	541	52	36	128	325	44	19	10	6	118	10	17	19	8	44	6	319
Qwen3-8B/metamath/seed42	Qwen3-8B	metamath	42	scalar_e	tulu	0.8653846153846154	1	0.5	1	0.012939001848428836	1	0.025878003696857672	1	0.0546875	1	0.043076923076923075	1	1	541	52	36	128	325	45	18	7	14	121	7	18	18	7	45	14	311
Qwen3-8B/metamath/seed42	Qwen3-8B	metamath	42	flat_e	tulu	0.8269230769230769	1	0.5	1	0.0166358595194085	1	0.022181146025878003	1	0.0703125	1	0.036923076923076927	1	1	541	52	36	128	325	43	18	9	12	119	9	18	18	9	43	12	313
Qwen3-8B/metamath/seed42	Qwen3-8B	metamath	42	hns_f4_s1	commonsense	0.7134879785813188	8	0.5872709924298727	8	0.008280232068567973	8	0.0030166319551382303	8	0.07234327090553687	8	0.004553490405803644	8	8	22419	918	890	2678	17933	621	489	145	69	2533	145	401	489	297	621	69	17864
Qwen3-8B/metamath/seed42	Qwen3-8B	metamath	42	scalar_e	commonsense	0.7121135919620846	8	0.5973147281396476	8	0.007099318476787359	8	0.003435819459668357	8	0.06255635469640686	8	0.005378168787316295	8	8	22419	918	890	2678	17933	632	496	120	61	2558	120	394	496	286	632	61	17872
Qwen3-8B/metamath/seed42	Qwen3-8B	metamath	42	flat_e	commonsense	0.7017576671145094	8	0.5918246136775014	8	0.008888443804517669	8	0.003163028667978329	8	0.08004948341089978	8	0.00472202224376405	8	8	22419	918	890	2678	17933	622	490	146	71	2532	146	400	490	296	622	71	17862
Qwen3-8B/metamath/seed43	Qwen3-8B	metamath	43	hns_f4_s1	magicoder	0.6388888888888888	1	0.8636363636363636	1	0.042682926829268296	1	0.012195121951219513	1	0.21212121212121213	1	0.0273972602739726	1	1	164	36	22	33	73	23	19	7	2	26	7	3	19	13	23	2	71
Qwen3-8B/metamath/seed43	Qwen3-8B	metamath	43	scalar_e	magicoder	0.5277777777777778	1	0.6363636363636364	1	0.036585365853658534	1	0.006097560975609756	1	0.18181818181818182	1	0.0136986301369863	1	1	164	36	22	33	73	19	14	6	1	27	6	8	14	17	19	1	72
Qwen3-8B/metamath/seed43	Qwen3-8B	metamath	43	flat_e	magicoder	0.6666666666666666	1	0.8636363636363636	1	0.036585365853658534	1	0.012195121951219513	1	0.18181818181818182	1	0.0273972602739726	1	1	164	36	22	33	73	24	19	6	2	27	6	3	19	12	24	2	71
Qwen3-8B/metamath/seed43	Qwen3-8B	metamath	43	hns_f4_s1	metamath	0.6076923076923076	1	0.719626168224299	1	0.01061410159211524	1	0.019711902956785442	1	0.1728395061728395	1	0.025974025974025976	1	1	1319	130	107	81	1001	79	77	14	26	67	14	30	77	51	79	26	975
Qwen3-8B/metamath/seed43	Qwen3-8B	metamath	43	scalar_e	metamath	0.6153846153846154	1	0.6915887850467289	1	0.009855951478392721	1	0.024260803639120546	1	0.16049382716049382	1	0.03196803196803197	1	1	1319	130	107	81	1001	80	74	13	32	68	13	33	74	50	80	32	969
Qwen3-8B/metamath/seed43	Qwen3-8B	metamath	43	flat_e	metamath	0.5846153846153846	1	0.7663551401869159	1	0.01061410159211524	1	0.01592115238817286	1	0.1728395061728395	1	0.02097902097902098	1	1	1319	130	107	81	1001	76	82	14	21	67	14	25	82	54	76	21	980
Qwen3-8B/metamath/seed43	Qwen3-8B	metamath	43	hns_f4_s1	tulu	0.7446808510638298	1	0.6111111111111112	1	0.024029574861367836	1	0.018484288354898338	1	0.1015625	1	0.030303030303030304	1	1	541	47	36	128	330	35	22	13	10	115	13	14	22	12	35	10	320
Qwen3-8B/metamath/seed43	Qwen3-8B	metamath	43	scalar_e	tulu	0.7021276595744681	1	0.5555555555555556	1	0.024029574861367836	1	0.024029574861367836	1	0.1015625	1	0.03939393939393939	1	1	541	47	36	128	330	33	20	13	13	115	13	16	20	14	33	13	317
Qwen3-8B/metamath/seed43	Qwen3-8B	metamath	43	flat_e	tulu	0.7659574468085106	1	0.6666666666666666	1	0.02033271719038817	1	0.024029574861367836	1	0.0859375	1	0.03939393939393939	1	1	541	47	36	128	330	36	24	11	13	117	11	12	24	11	36	13	317
Qwen3-8B/metamath/seed43	Qwen3-8B	metamath	43	hns_f4_s1	commonsense	0.7103426563763235	8	0.5974353782987704	8	0.008098001388810911	8	0.0034103090340255058	8	0.08426338516662363	8	0.004881424990021112	8	8	22419	928	870	2698	17923	620	494	151	82	2547	151	376	494	308	620	82	17841
Qwen3-8B/metamath/seed43	Qwen3-8B	metamath	43	scalar_e	commonsense	0.6990632818766684	8	0.6117296670501244	8	0.0072719345174787325	8	0.0027337423559041676	8	0.07560384640826102	8	0.003841964462743608	8	8	22419	928	870	2698	17923	598	514	132	71	2566	132	356	514	330	598	71	17852
Qwen3-8B/metamath/seed43	Qwen3-8B	metamath	43	flat_e	commonsense	0.7115670468649393	8	0.5943607435621372	8	0.008237524652772093	8	0.0033423163325769214	8	0.08566861291503478	8	0.004742718379946201	8	8	22419	928	870	2698	17923	617	489	154	79	2544	154	381	489	311	617	79	17844
Qwen3-8B/metamath/seed44	Qwen3-8B	metamath	44	hns_f4_s1	magicoder	0.7678571428571429	1	0.5	1	0.06707317073170732	1	0.018292682926829267	1	0.2682926829268293	1	0.05660377358490566	1	1	164	56	14	41	53	43	7	11	3	30	11	7	7	13	43	3	50
Qwen3-8B/metamath/seed44	Qwen3-8B	metamath	44	scalar_e	magicoder	0.6428571428571429	1	0.6428571428571429	1	0.054878048780487805	1	0.018292682926829267	1	0.21951219512195122	1	0.05660377358490566	1	1	164	56	14	41	53	36	9	9	3	32	9	5	9	20	36	3	50
Qwen3-8B/metamath/seed44	Qwen3-8B	metamath	44	flat_e	magicoder	0.7678571428571429	1	0.42857142857142855	1	0.06707317073170732	1	0.018292682926829267	1	0.2682926829268293	1	0.05660377358490566	1	1	164	56	14	41	53	43	6	11	3	30	11	8	6	13	43	3	50
Qwen3-8B/metamath/seed44	Qwen3-8B	metamath	44	hns_f4_s1	metamath	0.5859375	1	0.7904761904761904	1	0.012130401819560273	1	0.01819560272934041	1	0.1927710843373494	1	0.023928215353938187	1	1	1319	128	105	83	1003	75	83	16	24	67	16	22	83	53	75	24	979
Qwen3-8B/metamath/seed44	Qwen3-8B	metamath	44	scalar_e	metamath	0.625	1	0.6952380952380952	1	0.009855951478392721	1	0.03184230477634572	1	0.1566265060240964	1	0.04187437686939183	1	1	1319	128	105	83	1003	80	73	13	42	70	13	32	73	48	80	42	961
Qwen3-8B/metamath/seed44	Qwen3-8B	metamath	44	flat_e	metamath	0.578125	1	0.8095238095238095	1	0.011372251705837756	1	0.01592115238817286	1	0.18072289156626506	1	0.020937188434695914	1	1	1319	128	105	83	1003	74	85	15	21	68	15	20	85	54	74	21	982
Qwen3-8B/metamath/seed44	Qwen3-8B	metamath	44	hns_f4_s1	tulu	0.7391304347826086	1	0.7	1	0.027726432532347505	1	0.03512014787430684	1	0.11194029850746269	1	0.05740181268882175	1	1	541	46	30	134	331	34	21	15	19	119	15	9	21	12	34	19	312
Qwen3-8B/metamath/seed44	Qwen3-8B	metamath	44	scalar_e	tulu	0.782608695652174	1	0.6333333333333333	1	0.024029574861367836	1	0.031423290203327174	1	0.09701492537313433	1	0.0513595166163142	1	1	541	46	30	134	331	36	19	13	17	121	13	11	19	10	36	17	314
Qwen3-8B/metamath/seed44	Qwen3-8B	metamath	44	flat_e	tulu	0.7608695652173914	1	0.6666666666666666	1	0.03512014787430684	1	0.029574861367837338	1	0.1417910447761194	1	0.04833836858006042	1	1	541	46	30	134	331	35	20	19	16	115	19	10	20	11	35	16	315
Qwen3-8B/metamath/seed44	Qwen3-8B	metamath	44	hns_f4_s1	commonsense	0.7116333438258587	8	0.5934389702488145	8	0.008076339095178436	8	0.0026980341128461194	8	0.07766409801903729	8	0.0035821016307048753	8	8	22419	964	842	2726	17887	638	468	129	69	2597	129	374	468	326	638	69	17818
Qwen3-8B/metamath/seed44	Qwen3-8B	metamath	44	scalar_e	commonsense	0.707664174828446	8	0.6067297439784531	8	0.007409505956847575	8	0.001879705453600263	8	0.07731995237991188	8	0.002450226402517906	8	8	22419	964	842	2726	17887	643	490	121	53	2605	121	352	490	321	643	53	17834
Qwen3-8B/metamath/seed44	Qwen3-8B	metamath	44	flat_e	commonsense	0.6982294234775914	8	0.5943713327544905	8	0.00825941619641208	8	0.002906003902521133	8	0.08059812761442256	8	0.003847469850317498	8	8	22419	964	842	2726	17887	632	471	130	74	2596	130	371	471	332	632	74	17813
Qwen3-8B/tulu/seed42	Qwen3-8B	tulu	42	hns_f4_s1	magicoder	0.7272727272727273	1	0.7560975609756098	1	0.018292682926829267	1	0.024390243902439025	1	0.21428571428571427	1	0.04081632653061224	1	1	164	11	41	14	98	8	31	3	4	11	3	10	31	3	8	4	94
Qwen3-8B/tulu/seed42	Qwen3-8B	tulu	42	scalar_e	magicoder	0.5454545454545454	1	0.6829268292682927	1	0.018292682926829267	1	0.03048780487804878	1	0.21428571428571427	1	0.05102040816326531	1	1	164	11	41	14	98	6	28	3	5	11	3	13	28	5	6	5	93
Qwen3-8B/tulu/seed42	Qwen3-8B	tulu	42	flat_e	magicoder	0.6363636363636364	1	0.7073170731707317	1	0.018292682926829267	1	0.006097560975609756	1	0.21428571428571427	1	0.01020408163265306	1	1	164	11	41	14	98	7	29	3	1	11	3	12	29	4	7	1	97
Qwen3-8B/tulu/seed42	Qwen3-8B	tulu	42	hns_f4_s1	metamath	0.4358974358974359	1	0.8292682926829268	1	0.01061410159211524	1	0.01592115238817286	1	0.1320754716981132	1	0.019230769230769232	1	1	1319	39	82	106	1092	17	68	14	21	92	14	14	68	22	17	21	1071
Qwen3-8B/tulu/seed42	Qwen3-8B	tulu	42	scalar_e	metamath	0.48717948717948717	1	0.8536585365853658	1	0.006823351023502654	1	0.01592115238817286	1	0.08490566037735849	1	0.019230769230769232	1	1	1319	39	82	106	1092	19	70	9	21	97	9	12	70	20	19	21	1071
Qwen3-8B/tulu/seed42	Qwen3-8B	tulu	42	flat_e	metamath	0.4358974358974359	1	0.8536585365853658	1	0.009097801364670205	1	0.017437452615617893	1	0.11320754716981132	1	0.021062271062271064	1	1	1319	39	82	106	1092	17	70	12	23	94	12	12	70	22	17	23	1069
Qwen3-8B/tulu/seed42	Qwen3-8B	tulu	42	hns_f4_s1	tulu	0.5333333333333333	1	0.7142857142857143	1	0.018484288354898338	1	0.014787430683918669	1	0.07751937984496124	1	0.024096385542168676	1	1	541	45	35	129	332	24	25	10	8	119	10	10	25	21	24	8	324
Qwen3-8B/tulu/seed42	Qwen3-8B	tulu	42	scalar_e	tulu	0.6888888888888889	1	0.8285714285714286	1	0.018484288354898338	1	0.012939001848428836	1	0.07751937984496124	1	0.02108433734939759	1	1	541	45	35	129	332	31	29	10	7	119	10	6	29	14	31	7	325
Qwen3-8B/tulu/seed42	Qwen3-8B	tulu	42	flat_e	tulu	0.5555555555555556	1	0.7714285714285715	1	0.0166358595194085	1	0.027726432532347505	1	0.06976744186046512	1	0.045180722891566265	1	1	541	45	35	129	332	25	27	9	15	120	9	8	27	20	25	15	317
Qwen3-8B/tulu/seed42	Qwen3-8B	tulu	42	hns_f4_s1	commonsense	0.523097500466875	8	0.6810134872071728	8	0.0036440154373393267	8	0.002650207541920366	8	0.03783967536421359	8	0.003351429201593845	8	8	22419	676	815	2753	18175	325	534	89	53	2664	89	281	534	351	325	53	18122
Qwen3-8B/tulu/seed42	Qwen3-8B	tulu	42	scalar_e	commonsense	0.5280612621621393	8	0.7082005770685691	8	0.0024576054194312483	8	0.0017825104283672156	8	0.02602954051540461	8	0.002337221213927861	8	8	22419	676	815	2753	18175	314	548	66	32	2687	66	267	548	362	314	32	18143
Qwen3-8B/tulu/seed42	Qwen3-8B	tulu	42	flat_e	commonsense	0.5125153568851128	8	0.6872138840325697	8	0.0033964787466735733	8	0.0024533890178323045	8	0.03693105230592379	8	0.00303470458870632	8	8	22419	676	815	2753	18175	323	537	84	50	2669	84	278	537	353	323	50	18125
Qwen3-8B/tulu/seed43	Qwen3-8B	tulu	43	hns_f4_s1	magicoder	0.6666666666666666	1	0.7567567567567568	1	0.006097560975609756	1	0.012195121951219513	1	0.05555555555555555	1	0.020618556701030927	1	1	164	12	37	18	97	8	28	1	2	17	1	9	28	4	8	2	95
Qwen3-8B/tulu/seed43	Qwen3-8B	tulu	43	scalar_e	magicoder	0.6666666666666666	1	0.8378378378378378	1	0.006097560975609756	1	0.006097560975609756	1	0.05555555555555555	1	0.010309278350515464	1	1	164	12	37	18	97	8	31	1	1	17	1	6	31	4	8	1	96
Qwen3-8B/tulu/seed43	Qwen3-8B	tulu	43	flat_e	magicoder	0.6666666666666666	1	0.7567567567567568	1	0.006097560975609756	1	0.012195121951219513	1	0.05555555555555555	1	0.020618556701030927	1	1	164	12	37	18	97	8	28	1	2	17	1	9	28	4	8	2	95
Qwen3-8B/tulu/seed43	Qwen3-8B	tulu	43	hns_f4_s1	metamath	0.43902439024390244	1	0.872093023255814	1	0.009097801364670205	1	0.008339651250947688	1	0.11764705882352941	1	0.010091743119266056	1	1	1319	41	86	102	1090	18	75	12	11	90	12	11	75	23	18	11	1079
Qwen3-8B/tulu/seed43	Qwen3-8B	tulu	43	scalar_e	metamath	0.3170731707317073	1	0.8604651162790697	1	0.00530705079605762	1	0.008339651250947688	1	0.06862745098039216	1	0.010091743119266056	1	1	1319	41	86	102	1090	13	74	7	11	95	7	12	74	28	13	11	1079
Qwen3-8B/tulu/seed43	Qwen3-8B	tulu	43	flat_e	metamath	0.4146341463414634	1	0.872093023255814	1	0.006065200909780136	1	0.008339651250947688	1	0.0784313725490196	1	0.010091743119266056	1	1	1319	41	86	102	1090	17	75	8	11	94	8	11	75	24	17	11	1079
Qwen3-8B/tulu/seed43	Qwen3-8B	tulu	43	hns_f4_s1	tulu	0.64	1	0.8709677419354839	1	0.022181146025878003	1	0.011090573012939002	1	0.09022556390977443	1	0.01834862385321101	1	1	541	50	31	133	327	32	27	12	6	121	12	4	27	18	32	6	321
Qwen3-8B/tulu/seed43	Qwen3-8B	tulu	43	scalar_e	tulu	0.7	1	0.7419354838709677	1	0.02033271719038817	1	0.014787430683918669	1	0.08270676691729323	1	0.024464831804281346	1	1	541	50	31	133	327	35	23	11	8	122	11	8	23	15	35	8	319
Qwen3-8B/tulu/seed43	Qwen3-8B	tulu	43	flat_e	tulu	0.72	1	0.8387096774193549	1	0.029574861367837338	1	0.011090573012939002	1	0.12030075187969924	1	0.01834862385321101	1	1	541	50	31	133	327	36	26	16	6	117	16	5	26	14	36	6	321
Qwen3-8B/tulu/seed43	Qwen3-8B	tulu	43	hns_f4_s1	commonsense	0.40340670042026383	8	0.7744228618456919	8	0.0033445951137551066	8	0.002708115634936988	8	0.03533735778139371	8	0.003659891412800017	8	8	22419	585	769	2799	18266	237	573	68	54	2731	68	196	573	348	237	54	18212
Qwen3-8B/tulu/seed43	Qwen3-8B	tulu	43	scalar_e	commonsense	0.38120791391677294	8	0.7884258586753661	8	0.0026440909434918055	8	0.002240376410308298	8	0.024256465624610375	8	0.0030775422049979725	8	8	22419	585	769	2799	18266	220	583	56	39	2743	56	186	583	365	220	39	18227
Qwen3-8B/tulu/seed43	Qwen3-8B	tulu	43	flat_e	commonsense	0.39633233890398634	8	0.7802439758118904	8	0.0033011284685465856	8	0.0028485060361933693	8	0.037946678919527195	8	0.003852934465625627	8	8	22419	585	769	2799	18266	230	573	73	57	2726	73	196	573	355	230	57	18209
Qwen3-8B/tulu/seed44	Qwen3-8B	tulu	44	hns_f4_s1	magicoder	0.5454545454545454	1	0.725	1	0.018292682926829267	1	0.024390243902439025	1	0.2	1	0.04081632653061224	1	1	164	11	40	15	98	6	29	3	4	12	3	11	29	5	6	4	94
Qwen3-8B/tulu/seed44	Qwen3-8B	tulu	44	scalar_e	magicoder	0.45454545454545453	1	0.75	1	0.006097560975609756	1	0.036585365853658534	1	0.06666666666666667	1	0.061224489795918366	1	1	164	11	40	15	98	5	30	1	6	14	1	10	30	6	5	6	92
Qwen3-8B/tulu/seed44	Qwen3-8B	tulu	44	flat_e	magicoder	0.45454545454545453	1	0.725	1	0.012195121951219513	1	0.024390243902439025	1	0.13333333333333333	1	0.04081632653061224	1	1	164	11	40	15	98	5	29	2	4	13	2	11	29	6	5	4	94
Qwen3-8B/tulu/seed44	Qwen3-8B	tulu	44	hns_f4_s1	metamath	0.35714285714285715	1	0.8271604938271605	1	0.01061410159211524	1	0.014404852160727824	1	0.1308411214953271	1	0.017447199265381085	1	1	1319	42	81	107	1089	15	67	14	19	93	14	14	67	27	15	19	1070
Qwen3-8B/tulu/seed44	Qwen3-8B	tulu	44	scalar_e	metamath	0.47619047619047616	1	0.8765432098765432	1	0.0075815011372251705	1	0.011372251705837756	1	0.09345794392523364	1	0.013774104683195593	1	1	1319	42	81	107	1089	20	71	10	15	97	10	10	71	22	20	15	1074
Qwen3-8B/tulu/seed44	Qwen3-8B	tulu	44	flat_e	metamath	0.42857142857142855	1	0.8641975308641975	1	0.009855951478392721	1	0.016679302501895376	1	0.12149532710280374	1	0.020202020202020204	1	1	1319	42	81	107	1089	18	70	13	22	94	13	11	70	24	18	22	1067
Qwen3-8B/tulu/seed44	Qwen3-8B	tulu	44	hns_f4_s1	tulu	0.6078431372549019	1	0.75	1	0.022181146025878003	1	0.022181146025878003	1	0.09375	1	0.03680981595092025	1	1	541	51	36	128	326	31	27	12	12	116	12	9	27	20	31	12	314
Qwen3-8B/tulu/seed44	Qwen3-8B	tulu	44	scalar_e	tulu	0.6666666666666666	1	0.7222222222222222	1	0.02033271719038817	1	0.018484288354898338	1	0.0859375	1	0.03067484662576687	1	1	541	51	36	128	326	34	26	11	10	117	11	10	26	17	34	10	316
Qwen3-8B/tulu/seed44	Qwen3-8B	tulu	44	flat_e	tulu	0.6666666666666666	1	0.7222222222222222	1	0.025878003696857672	1	0.025878003696857672	1	0.109375	1	0.04294478527607362	1	1	541	51	36	128	326	34	26	14	14	114	14	10	26	17	34	14	312
Qwen3-8B/tulu/seed44	Qwen3-8B	tulu	44	hns_f4_s1	commonsense	0.46623772673478336	8	0.7391526506125845	8	0.0024048071123165577	8	0.0019323459454923596	8	0.030809802041189955	8	0.00252919265250046	8	8	22419	692	821	2747	18159	312	584	62	43	2685	62	237	584	380	312	43	18116
Qwen3-8B/tulu/seed44	Qwen3-8B	tulu	44	scalar_e	commonsense	0.47584752418944937	8	0.7580900676295033	8	0.0019449707391078672	8	0.001156580867828042	8	0.024817488050106577	8	0.001581363956010913	8	8	22419	692	821	2747	18159	298	606	46	27	2701	46	215	606	394	298	27	18132
Qwen3-8B/tulu/seed44	Qwen3-8B	tulu	44	flat_e	commonsense	0.4811567601342379	8	0.7357942401124824	8	0.0030988230907719556	8	0.002257807788217032	8	0.0347470546369517	8	0.0030474749850491786	8	8	22419	692	821	2747	18159	310	583	68	50	2679	68	238	583	382	310	50	18109
