base	task	seed	method	epsilon	path	threshold	requested_energy_ratio	actual_energy_ratio	retained_components	total_components	zero_rank_modules	module_count	parameters_before	parameters_after	parameter_retention_ratio	max_unpruned_reconstruction_relative_error	max_saved_factor_relative_error
Qwen3-8B	magicoder	42	para_e90	0.9	/dataset1/zailong/workspace/peft-sft-lab/reports/posthoc_baselines_para_spectral_surgery/para/adapters/Qwen3-8B/magicoder/seed42/para_e90	0.1292780488729477	0.9	0.9001066322993125	280	4032	44	252	43646976	3616768	0.08286411411411411	9.42004419357545e-07	1.374818562612835e-08
Qwen3-8B	magicoder	42	para_e95	0.95	/dataset1/zailong/workspace/peft-sft-lab/reports/posthoc_baselines_para_spectral_surgery/para/adapters/Qwen3-8B/magicoder/seed42/para_e95	0.06458380073308945	0.95	0.9500172757242329	734	4032	6	252	43646976	9862144	0.225952515015015	9.42004419357545e-07	1.9311115984752193e-08
Qwen3-8B	magicoder	42	para_e99	0.99	/dataset1/zailong/workspace/peft-sft-lab/reports/posthoc_baselines_para_spectral_surgery/para/adapters/Qwen3-8B/magicoder/seed42/para_e99	0.030026638880372047	0.99	0.9900021668265931	2075	4032	0	252	43646976	26724352	0.6122841591591591	9.42004419357545e-07	1.809395473681071e-08
Qwen3-8B	metamath	42	para_e90	0.9	/dataset1/zailong/workspace/peft-sft-lab/reports/posthoc_baselines_para_spectral_surgery/para/adapters/Qwen3-8B/metamath/seed42/para_e90	0.44040215015411377	0.9	0.9001184844632713	638	4032	11	252	43646976	8244224	0.1888841966966967	8.359745152120013e-06	2.0956706053213266e-08
Qwen3-8B	metamath	42	para_e95	0.95	/dataset1/zailong/workspace/peft-sft-lab/reports/posthoc_baselines_para_spectral_surgery/para/adapters/Qwen3-8B/metamath/seed42/para_e95	0.2848460376262665	0.95	0.9500311627433153	1187	4032	0	252	43646976	15252480	0.3494510135135135	8.359745152120013e-06	2.062658411394079e-08
Qwen3-8B	metamath	42	para_e99	0.99	/dataset1/zailong/workspace/peft-sft-lab/reports/posthoc_baselines_para_spectral_surgery/para/adapters/Qwen3-8B/metamath/seed42/para_e99	0.14653953909873962	0.99	0.9900077481133717	2424	4032	0	252	43646976	30084096	0.6892595720720721	8.359745152120013e-06	1.962293338136416e-08
Qwen3-8B	tulu	42	para_e90	0.9	/dataset1/zailong/workspace/peft-sft-lab/reports/posthoc_baselines_para_spectral_surgery/para/adapters/Qwen3-8B/tulu/seed42/para_e90	0.5383243560791016	0.9	0.9000437389643114	1178	4032	0	252	43646976	16294912	0.37333427177177175	6.909067451488227e-06	1.9884083785095673e-08
Qwen3-8B	tulu	42	para_e95	0.95	/dataset1/zailong/workspace/peft-sft-lab/reports/posthoc_baselines_para_spectral_surgery/para/adapters/Qwen3-8B/tulu/seed42/para_e95	0.3980596661567688	0.95	0.9500529203172794	1721	4032	0	252	43646976	23326720	0.5344406906906907	6.909067451488227e-06	1.9840127155674642e-08
Qwen3-8B	tulu	42	para_e99	0.99	/dataset1/zailong/workspace/peft-sft-lab/reports/posthoc_baselines_para_spectral_surgery/para/adapters/Qwen3-8B/tulu/seed42/para_e99	0.21340328454971313	0.99	0.9900174210437303	2750	4032	0	252	43646976	34416640	0.7885228978978979	6.909067451488227e-06	1.9402605213046797e-08
Qwen3-8B	magicoder	43	para_e90	0.9	/dataset1/zailong/workspace/peft-sft-lab/reports/posthoc_baselines_para_spectral_surgery/para/adapters/Qwen3-8B/magicoder/seed43/para_e90	0.06873703002929688	0.9	0.9000082408698982	599	4032	14	252	43646976	7895040	0.180884009009009	5.425430572358891e-06	1.9175993374345506e-08
Qwen3-8B	magicoder	43	para_e95	0.95	/dataset1/zailong/workspace/peft-sft-lab/reports/posthoc_baselines_para_spectral_surgery/para/adapters/Qwen3-8B/magicoder/seed43/para_e95	0.04573420062661171	0.95	0.9500310275527185	1180	4032	1	252	43646976	16054272	0.36782094594594594	5.425430572358891e-06	2.4872189599787726e-08
Qwen3-8B	magicoder	43	para_e99	0.99	/dataset1/zailong/workspace/peft-sft-lab/reports/posthoc_baselines_para_spectral_surgery/para/adapters/Qwen3-8B/magicoder/seed43/para_e99	0.022889485582709312	0.99	0.9900129709877002	2445	4032	0	252	43646976	30658560	0.7024211711711712	5.425430572358891e-06	2.517041549277694e-08
Qwen3-8B	metamath	43	para_e90	0.9	/dataset1/zailong/workspace/peft-sft-lab/reports/posthoc_baselines_para_spectral_surgery/para/adapters/Qwen3-8B/metamath/seed43/para_e90	0.46432316303253174	0.9	0.9000408580549474	901	4032	2	252	43646976	11941888	0.2736017267267267	7.552453098469414e-06	1.8969900823440848e-08
Qwen3-8B	metamath	43	para_e95	0.95	/dataset1/zailong/workspace/peft-sft-lab/reports/posthoc_baselines_para_spectral_surgery/para/adapters/Qwen3-8B/metamath/seed43/para_e95	0.3196527659893036	0.95	0.9500522695617827	1478	4032	0	252	43646976	19245056	0.4409253003003003	7.552453098469414e-06	1.888630850898486e-08
Qwen3-8B	metamath	43	para_e99	0.99	/dataset1/zailong/workspace/peft-sft-lab/reports/posthoc_baselines_para_spectral_surgery/para/adapters/Qwen3-8B/metamath/seed43/para_e99	0.1742619425058365	0.99	0.9900065499332444	2648	4032	0	252	43646976	32782336	0.7510792042042042	7.552453098469414e-06	1.89715739652793e-08
Qwen3-8B	tulu	43	para_e90	0.9	/dataset1/zailong/workspace/peft-sft-lab/reports/posthoc_baselines_para_spectral_surgery/para/adapters/Qwen3-8B/tulu/seed43/para_e90	0.5568305850028992	0.9	0.9001203757017798	1479	4032	0	252	43646976	20709376	0.4744744744744745	7.2878669925557915e-06	1.659315278445522e-08
Qwen3-8B	tulu	43	para_e95	0.95	/dataset1/zailong/workspace/peft-sft-lab/reports/posthoc_baselines_para_spectral_surgery/para/adapters/Qwen3-8B/tulu/seed43/para_e95	0.41792818903923035	0.95	0.9500412085892446	2015	4032	0	252	43646976	27274240	0.6248826951951952	7.2878669925557915e-06	1.6084008843870563e-08
Qwen3-8B	tulu	43	para_e99	0.99	/dataset1/zailong/workspace/peft-sft-lab/reports/posthoc_baselines_para_spectral_surgery/para/adapters/Qwen3-8B/tulu/seed43/para_e99	0.24210622906684875	0.99	0.9900126540257606	2946	4032	0	252	43646976	36744192	0.8418496621621622	7.2878669925557915e-06	1.6503986904540227e-08
Qwen3-8B	magicoder	44	para_e90	0.9	/dataset1/zailong/workspace/peft-sft-lab/reports/posthoc_baselines_para_spectral_surgery/para/adapters/Qwen3-8B/magicoder/seed44/para_e90	0.06852679699659348	0.9	0.9000070935332898	598	4032	12	252	43646976	7873536	0.18039132882882883	6.362449312291574e-06	1.9273585292774203e-08
Qwen3-8B	magicoder	44	para_e95	0.95	/dataset1/zailong/workspace/peft-sft-lab/reports/posthoc_baselines_para_spectral_surgery/para/adapters/Qwen3-8B/magicoder/seed44/para_e95	0.045889146625995636	0.95	0.9500428117826681	1176	4032	0	252	43646976	16157696	0.370190503003003	6.362449312291574e-06	1.9145052976690355e-08
Qwen3-8B	magicoder	44	para_e99	0.99	/dataset1/zailong/workspace/peft-sft-lab/reports/posthoc_baselines_para_spectral_surgery/para/adapters/Qwen3-8B/magicoder/seed44/para_e99	0.02263115718960762	0.99	0.9900066724966934	2445	4032	0	252	43646976	30742528	0.70434496996997	6.362449312291574e-06	1.8695533290928862e-08
Qwen3-8B	metamath	44	para_e90	0.9	/dataset1/zailong/workspace/peft-sft-lab/reports/posthoc_baselines_para_spectral_surgery/para/adapters/Qwen3-8B/metamath/seed44/para_e90	0.4543261229991913	0.9	0.9000346836635175	907	4032	0	252	43646976	12032000	0.2756662912912913	7.092407940945122e-06	1.795315328152419e-08
Qwen3-8B	metamath	44	para_e95	0.95	/dataset1/zailong/workspace/peft-sft-lab/reports/posthoc_baselines_para_spectral_surgery/para/adapters/Qwen3-8B/metamath/seed44/para_e95	0.31703460216522217	0.95	0.9500194424011901	1499	4032	0	252	43646976	19503104	0.4468374624624625	7.092407940945122e-06	2.019080031947205e-08
Qwen3-8B	metamath	44	para_e99	0.99	/dataset1/zailong/workspace/peft-sft-lab/reports/posthoc_baselines_para_spectral_surgery/para/adapters/Qwen3-8B/metamath/seed44/para_e99	0.17366643249988556	0.99	0.9900062522163326	2654	4032	0	252	43646976	32862208	0.7529091591591591	7.092407940945122e-06	2.045537180731399e-08
Qwen3-8B	tulu	44	para_e90	0.9	/dataset1/zailong/workspace/peft-sft-lab/reports/posthoc_baselines_para_spectral_surgery/para/adapters/Qwen3-8B/tulu/seed44/para_e90	0.5719685554504395	0.9	0.9000257802009233	1419	4032	1	252	43646976	19812352	0.45392267267267267	6.572207439603517e-06	1.7739226864915643e-08
Qwen3-8B	tulu	44	para_e95	0.95	/dataset1/zailong/workspace/peft-sft-lab/reports/posthoc_baselines_para_spectral_surgery/para/adapters/Qwen3-8B/tulu/seed44/para_e95	0.4284399449825287	0.95	0.9500672666641959	1958	4032	0	252	43646976	26583040	0.6090465465465466	6.572207439603517e-06	1.882105864308231e-08
Qwen3-8B	tulu	44	para_e99	0.99	/dataset1/zailong/workspace/peft-sft-lab/reports/posthoc_baselines_para_spectral_surgery/para/adapters/Qwen3-8B/tulu/seed44/para_e99	0.24492450058460236	0.99	0.9900148344109593	2908	4032	0	252	43646976	36294656	0.8315503003003003	6.572207439603517e-06	1.7046409565225655e-08
Llama-3.1-8B-Instruct	magicoder	42	para_e90	0.9	/dataset1/zailong/workspace/peft-sft-lab/reports/posthoc_baselines_para_spectral_surgery/para/adapters/Llama-3.1-8B-Instruct/magicoder/seed42/para_e90	0.07580304145812988	0.9	0.9000855688899116	795	3584	17	224	41943040	12400640	0.295654296875	1.2022145710943732e-05	1.996892326278893e-08
Llama-3.1-8B-Instruct	magicoder	42	para_e95	0.95	/dataset1/zailong/workspace/peft-sft-lab/reports/posthoc_baselines_para_spectral_surgery/para/adapters/Llama-3.1-8B-Instruct/magicoder/seed42/para_e95	0.054765522480010986	0.95	0.9500462009790225	1360	3584	2	224	41943040	20705280	0.49365234375	1.2022145710943732e-05	2.0522881882757435e-08
Llama-3.1-8B-Instruct	magicoder	42	para_e99	0.99	/dataset1/zailong/workspace/peft-sft-lab/reports/posthoc_baselines_para_spectral_surgery/para/adapters/Llama-3.1-8B-Instruct/magicoder/seed42/para_e99	0.029716357588768005	0.99	0.9900147067219591	2481	3584	0	224	41943040	33256448	0.7928955078125	1.2022145710943732e-05	2.2619478345717006e-08
Llama-3.1-8B-Instruct	metamath	42	para_e90	0.9	/dataset1/zailong/workspace/peft-sft-lab/reports/posthoc_baselines_para_spectral_surgery/para/adapters/Llama-3.1-8B-Instruct/metamath/seed42/para_e90	0.3487764596939087	0.9	0.9000546051271396	1543	3584	7	224	41943040	24250368	0.578173828125	5.285166025714716e-06	1.6550014568917958e-08
Llama-3.1-8B-Instruct	metamath	42	para_e95	0.95	/dataset1/zailong/workspace/peft-sft-lab/reports/posthoc_baselines_para_spectral_surgery/para/adapters/Llama-3.1-8B-Instruct/metamath/seed42/para_e95	0.2557550072669983	0.95	0.9500719736224005	2017	3584	0	224	41943040	29511680	0.70361328125	5.285166025714716e-06	1.4588321234148042e-08
Llama-3.1-8B-Instruct	metamath	42	para_e99	0.99	/dataset1/zailong/workspace/peft-sft-lab/reports/posthoc_baselines_para_spectral_surgery/para/adapters/Llama-3.1-8B-Instruct/metamath/seed42/para_e99	0.15381066501140594	0.99	0.9900119413660048	2821	3584	0	224	41943040	37484544	0.893701171875	5.285166025714716e-06	1.530182026966722e-08
Llama-3.1-8B-Instruct	tulu	42	para_e90	0.9	/dataset1/zailong/workspace/peft-sft-lab/reports/posthoc_baselines_para_spectral_surgery/para/adapters/Llama-3.1-8B-Instruct/tulu/seed42/para_e90	0.2498450130224228	0.9	0.9000900041780401	1644	3584	14	224	41943040	25627648	0.6110107421875	5.306238108460093e-06	1.65444350015487e-08
Llama-3.1-8B-Instruct	tulu	42	para_e95	0.95	/dataset1/zailong/workspace/peft-sft-lab/reports/posthoc_baselines_para_spectral_surgery/para/adapters/Llama-3.1-8B-Instruct/tulu/seed42/para_e95	0.1994277387857437	0.95	0.9500083794910162	2145	3584	0	224	41943040	31441920	0.7496337890625	5.306238108460093e-06	1.7366826079515943e-08
Llama-3.1-8B-Instruct	tulu	42	para_e99	0.99	/dataset1/zailong/workspace/peft-sft-lab/reports/posthoc_baselines_para_spectral_surgery/para/adapters/Llama-3.1-8B-Instruct/tulu/seed42/para_e99	0.11830577999353409	0.99	0.9900099549414054	2896	3584	0	224	41943040	38286336	0.9128173828125	5.306238108460093e-06	1.1781405350990545e-08
Llama-3.1-8B-Instruct	magicoder	43	para_e90	0.9	/dataset1/zailong/workspace/peft-sft-lab/reports/posthoc_baselines_para_spectral_surgery/para/adapters/Llama-3.1-8B-Instruct/magicoder/seed43/para_e90	0.055081333965063095	0.9	0.9001083689141873	992	3584	9	224	41943040	15613952	0.372265625	6.574410690518562e-06	2.0497636805642377e-08
Llama-3.1-8B-Instruct	magicoder	43	para_e95	0.95	/dataset1/zailong/workspace/peft-sft-lab/reports/posthoc_baselines_para_spectral_surgery/para/adapters/Llama-3.1-8B-Instruct/magicoder/seed43/para_e95	0.04049413651227951	0.95	0.9500308114129318	1530	3584	0	224	41943040	23232512	0.55390625	6.574410690518562e-06	2.7040511742984317e-08
Llama-3.1-8B-Instruct	magicoder	43	para_e99	0.99	/dataset1/zailong/workspace/peft-sft-lab/reports/posthoc_baselines_para_spectral_surgery/para/adapters/Llama-3.1-8B-Instruct/magicoder/seed43/para_e99	0.022162992507219315	0.99	0.9900175589276669	2583	3584	0	224	41943040	34191360	0.815185546875	6.574410690518562e-06	1.84584684945143e-08
Llama-3.1-8B-Instruct	metamath	43	para_e90	0.9	/dataset1/zailong/workspace/peft-sft-lab/reports/posthoc_baselines_para_spectral_surgery/para/adapters/Llama-3.1-8B-Instruct/metamath/seed43/para_e90	0.1075965091586113	0.9	0.9001138383076299	1303	3584	0	224	41943040	19998720	0.476806640625	5.964606316410936e-06	1.8213733755467893e-08
Llama-3.1-8B-Instruct	metamath	43	para_e95	0.95	/dataset1/zailong/workspace/peft-sft-lab/reports/posthoc_baselines_para_spectral_surgery/para/adapters/Llama-3.1-8B-Instruct/metamath/seed43/para_e95	0.08042724430561066	0.95	0.950011134157562	1795	3584	0	224	41943040	26427392	0.630078125	5.964606316410936e-06	1.7416197153036197e-08
Llama-3.1-8B-Instruct	metamath	43	para_e99	0.99	/dataset1/zailong/workspace/peft-sft-lab/reports/posthoc_baselines_para_spectral_surgery/para/adapters/Llama-3.1-8B-Instruct/metamath/seed43/para_e99	0.04497474059462547	0.99	0.9900076179516262	2716	3584	0	224	41943040	35646464	0.8498779296875	5.964606316410936e-06	2.3355422339299245e-08
Llama-3.1-8B-Instruct	tulu	43	para_e90	0.9	/dataset1/zailong/workspace/peft-sft-lab/reports/posthoc_baselines_para_spectral_surgery/para/adapters/Llama-3.1-8B-Instruct/tulu/seed43/para_e90	0.24995003640651703	0.9	0.9001212055826837	1623	3584	15	224	41943040	25213952	0.6011474609375	4.539327164820861e-06	1.5069995495625507e-08
Llama-3.1-8B-Instruct	tulu	43	para_e95	0.95	/dataset1/zailong/workspace/peft-sft-lab/reports/posthoc_baselines_para_spectral_surgery/para/adapters/Llama-3.1-8B-Instruct/tulu/seed43/para_e95	0.1993676871061325	0.95	0.9500292987223051	2131	3584	0	224	41943040	31156224	0.742822265625	4.539327164820861e-06	1.9284023428532444e-08
Llama-3.1-8B-Instruct	tulu	43	para_e99	0.99	/dataset1/zailong/workspace/peft-sft-lab/reports/posthoc_baselines_para_spectral_surgery/para/adapters/Llama-3.1-8B-Instruct/tulu/seed43/para_e99	0.11856676638126373	0.99	0.9900158958204797	2893	3584	0	224	41943040	38220800	0.9112548828125	4.539327164820861e-06	1.688596013711218e-08
Llama-3.1-8B-Instruct	magicoder	44	para_e90	0.9	/dataset1/zailong/workspace/peft-sft-lab/reports/posthoc_baselines_para_spectral_surgery/para/adapters/Llama-3.1-8B-Instruct/magicoder/seed44/para_e90	0.05500239133834839	0.9	0.9000783427525029	979	3584	10	224	41943040	15477760	0.3690185546875	6.750892680429388e-06	1.883483659367005e-08
Llama-3.1-8B-Instruct	magicoder	44	para_e95	0.95	/dataset1/zailong/workspace/peft-sft-lab/reports/posthoc_baselines_para_spectral_surgery/para/adapters/Llama-3.1-8B-Instruct/magicoder/seed44/para_e95	0.04052617400884628	0.95	0.9500442844961033	1521	3584	1	224	41943040	23113728	0.55107421875	6.750892680429388e-06	1.9254885929784816e-08
Llama-3.1-8B-Instruct	magicoder	44	para_e99	0.99	/dataset1/zailong/workspace/peft-sft-lab/reports/posthoc_baselines_para_spectral_surgery/para/adapters/Llama-3.1-8B-Instruct/magicoder/seed44/para_e99	0.02231704629957676	0.99	0.9900123010609075	2582	3584	0	224	41943040	34172928	0.81474609375	6.750892680429388e-06	1.7131885750342727e-08
Llama-3.1-8B-Instruct	metamath	44	para_e90	0.9	/dataset1/zailong/workspace/peft-sft-lab/reports/posthoc_baselines_para_spectral_surgery/para/adapters/Llama-3.1-8B-Instruct/metamath/seed44/para_e90	0.10767583549022675	0.9	0.9001272510189713	1310	3584	1	224	41943040	20143104	0.4802490234375	6.593481430172687e-06	1.9808202143760165e-08
Llama-3.1-8B-Instruct	metamath	44	para_e95	0.95	/dataset1/zailong/workspace/peft-sft-lab/reports/posthoc_baselines_para_spectral_surgery/para/adapters/Llama-3.1-8B-Instruct/metamath/seed44/para_e95	0.08019743114709854	0.95	0.9500724989754012	1800	3584	0	224	41943040	26430464	0.6301513671875	6.593481430172687e-06	1.9070688397480543e-08
Llama-3.1-8B-Instruct	metamath	44	para_e99	0.99	/dataset1/zailong/workspace/peft-sft-lab/reports/posthoc_baselines_para_spectral_surgery/para/adapters/Llama-3.1-8B-Instruct/metamath/seed44/para_e99	0.04503561556339264	0.99	0.9900069363460333	2729	3584	0	224	41943040	35708928	0.8513671875	6.593481430172687e-06	1.8396151860982243e-08
Llama-3.1-8B-Instruct	tulu	44	para_e90	0.9	/dataset1/zailong/workspace/peft-sft-lab/reports/posthoc_baselines_para_spectral_surgery/para/adapters/Llama-3.1-8B-Instruct/tulu/seed44/para_e90	0.2511151134967804	0.9	0.9000352730210179	1616	3584	18	224	41943040	25176064	0.600244140625	5.329355190042406e-06	1.5251160953682035e-08
Llama-3.1-8B-Instruct	tulu	44	para_e95	0.95	/dataset1/zailong/workspace/peft-sft-lab/reports/posthoc_baselines_para_spectral_surgery/para/adapters/Llama-3.1-8B-Instruct/tulu/seed44/para_e95	0.19967696070671082	0.95	0.9500142975547762	2126	3584	0	224	41943040	31250432	0.745068359375	5.329355190042406e-06	1.5866382456305265e-08
Llama-3.1-8B-Instruct	tulu	44	para_e99	0.99	/dataset1/zailong/workspace/peft-sft-lab/reports/posthoc_baselines_para_spectral_surgery/para/adapters/Llama-3.1-8B-Instruct/tulu/seed44/para_e99	0.11915172636508942	0.99	0.9900147607180205	2892	3584	0	224	41943040	38266880	0.912353515625	5.329355190042406e-06	1.4357081893092399e-08
