base_model	task	variant	category	endpoint	n	lora_score	variant_score	delta	bootstrap_ci_low	bootstrap_ci_high	lora_only_correct	variant_only_correct	mcnemar_exact_p	mcnemar_exact_p_holm	mcnemar_exact_p_bh_fdr
Qwen3-8B	magicoder	scalar_shrink	humaneval	accuracy	164	0.774390243902439	0.7865853658536586	0.012195121951219523	-0.04878048780487805	0.07317073170731707	11	13	0.8388197422027588	1.0	1.0
Qwen3-8B	magicoder	scalar_shrink	mbpp	accuracy	257	0.7198443579766537	0.7159533073929961	-0.0038910505836575737	-0.038910505836575876	0.0311284046692607	11	10	1.0	1.0	1.0
Qwen3-8B	magicoder	shape_only	humaneval	accuracy	164	0.774390243902439	0.823170731707317	0.04878048780487798	-0.006097560975609756	0.10975609756097561	8	16	0.15158963203430176	1.0	0.5062173388137553
Qwen3-8B	magicoder	shape_only	mbpp	accuracy	257	0.7198443579766537	0.7354085603112841	0.015564202334630406	-0.023346303501945526	0.054474708171206226	11	15	0.557197093963623	1.0	0.9155603701642935
Qwen3-8B	magicoder	head_only	humaneval	accuracy	164	0.774390243902439	0.8292682926829268	0.05487804878048774	0.0	0.10975609756097561	7	16	0.0931396484375	1.0	0.3842010498046875
Qwen3-8B	magicoder	head_only	mbpp	accuracy	257	0.7198443579766537	0.7276264591439688	0.0077821011673151474	-0.03501945525291829	0.05058365758754864	15	17	0.860050065908581	1.0	1.0
Qwen3-8B	magicoder	tail_only	humaneval	accuracy	164	0.774390243902439	0.7682926829268293	-0.0060975609756097615	-0.03048780487804878	0.012195121951219513	2	1	1.0	1.0	1.0
Qwen3-8B	magicoder	tail_only	mbpp	accuracy	257	0.7198443579766537	0.7237354085603113	0.0038910505836575737	-0.007782101167315175	0.019455252918287938	1	2	1.0	1.0	1.0
Qwen3-8B	magicoder	hns	humaneval	accuracy	164	0.774390243902439	0.8292682926829268	0.05487804878048774	0.0	0.10975609756097561	7	16	0.0931396484375	1.0	0.3842010498046875
Qwen3-8B	magicoder	hns	mbpp	accuracy	257	0.7198443579766537	0.7392996108949417	0.01945525291828798	-0.019455252918287938	0.058365758754863814	11	16	0.44206833839416504	1.0	0.8539466439223871
Qwen3-8B	magicoder	head_fro_restore	humaneval	accuracy	164	0.774390243902439	0.7987804878048781	0.024390243902439046	-0.03048780487804878	0.07926829268292683	8	12	0.5034446716308594	1.0	0.8781386462882096
Qwen3-8B	magicoder	head_fro_restore	mbpp	accuracy	257	0.7198443579766537	0.7237354085603113	0.0038910505836575737	-0.0311284046692607	0.038910505836575876	9	10	1.0	1.0	1.0
Qwen3-8B	metamath	scalar_shrink	gsm8k	accuracy	1319	0.8400303260045489	0.8498862774829417	0.0098559514783928	-0.006823351023502654	0.02577710386656558	54	67	0.27525333440239125	1.0	0.6449723101973192
Qwen3-8B	metamath	shape_only	gsm8k	accuracy	1319	0.8400303260045489	0.8786959818043972	0.038665655799848375	0.021986353297952996	0.05534495830174375	40	91	9.795729150815383e-06	0.003634215514952507	0.00014919649014318812
Qwen3-8B	metamath	head_only	gsm8k	accuracy	1319	0.8400303260045489	0.8711144806671721	0.031084154662623265	0.011372251705837756	0.050037907505686124	61	102	0.0016468724314863748	0.5895803304721222	0.016717516919938138
Qwen3-8B	metamath	tail_only	gsm8k	accuracy	1319	0.8400303260045489	0.8506444275966641	0.010614101592115288	0.000758150113722517	0.02047005307050796	15	29	0.048766765904474596	1.0	0.24898118239182693
Qwen3-8B	metamath	hns	gsm8k	accuracy	1319	0.8400303260045489	0.8840030326004549	0.04397270659590602	0.02577710386656558	0.0621683093252464	46	104	2.4715829058159294e-06	0.0009219004238693417	4.078111794596283e-05
Qwen3-8B	metamath	head_fro_restore	gsm8k	accuracy	1319	0.8400303260045489	0.8718726307808946	0.03184230477634575	0.016679302501895376	0.04700530705079606	33	75	6.550370792480044e-05	0.023974357100476962	0.0008367570431684185
Qwen3-8B	tulu	scalar_shrink	all	prompt_strict	541	0.7430683918669131	0.6802218114602587	-0.06284658040665436	-0.09242144177449169	-0.033271719038817	53	19	7.555811484431396e-05	0.027578711918174594	0.0009350316711983853
Qwen3-8B	tulu	scalar_shrink	all	prompt_loose	541	0.7837338262476895	0.7245841035120147	-0.05914972273567476	-0.09242144177449169	-0.027726432532347505	55	23	0.00037779201420676267	0.13713850115705484	0.0044001658125258246
Qwen3-8B	tulu	scalar_shrink	all	instruction_strict	834	0.8141486810551559	0.7697841726618705	-0.04436450839328543	-0.06720765511926366	-0.021738474851838264	69	32	0.00029596019615458444	0.10772951140026873	0.003551522353855013
Qwen3-8B	tulu	scalar_shrink	all	instruction_loose	834	0.8513189448441247	0.8033573141486811	-0.04796163069544368	-0.07167650775892433	-0.025423728813559324	67	27	4.496432091968555e-05	0.016546870098444282	0.0006139955546274302
Qwen3-8B	tulu	scalar_shrink	change_case	strict	89	0.8314606741573034	0.8764044943820225	0.0449438202247191	0.0	0.10112359550561797	1	5	0.21875	1.0	0.6057692307692307
Qwen3-8B	tulu	scalar_shrink	change_case	loose	89	0.8764044943820225	0.9101123595505618	0.0337078651685393	-0.012195121951219513	0.08433734939759036	1	4	0.375	1.0	0.7654639175257731
Qwen3-8B	tulu	scalar_shrink	combination	strict	65	0.8153846153846154	0.8	-0.01538461538461533	-0.09523809523809523	0.06172839506172839	4	3	1.0	1.0	1.0
Qwen3-8B	tulu	scalar_shrink	combination	loose	65	0.8153846153846154	0.8	-0.01538461538461533	-0.09803921568627451	0.06557916307161338	4	3	1.0	1.0	1.0
Qwen3-8B	tulu	scalar_shrink	detectable_content	strict	53	0.7735849056603774	0.6981132075471698	-0.07547169811320764	-0.18421052631578946	0.02127659574468085	6	2	0.2890625	1.0	0.6471216037015375
Qwen3-8B	tulu	scalar_shrink	detectable_content	loose	53	0.8490566037735849	0.8113207547169812	-0.037735849056603765	-0.14493338008415146	0.06382978723404255	5	3	0.7265625	1.0	1.0
Qwen3-8B	tulu	scalar_shrink	detectable_format	strict	157	0.7834394904458599	0.7707006369426752	-0.01273885350318471	-0.05732484076433121	0.030303030303030304	7	5	0.7744140625	1.0	1.0
Qwen3-8B	tulu	scalar_shrink	detectable_format	loose	157	0.8089171974522293	0.7898089171974523	-0.019108280254777066	-0.06097560975609756	0.02069324712643673	7	4	0.548828125	1.0	0.9093553870292888
Qwen3-8B	tulu	scalar_shrink	keywords	strict	163	0.754601226993865	0.7239263803680982	-0.030674846625766805	-0.08108530405405405	0.019736842105263157	10	5	0.3017578125	1.0	0.6675759427374302
Qwen3-8B	tulu	scalar_shrink	keywords	loose	163	0.7975460122699386	0.7668711656441718	-0.030674846625766805	-0.08074876689806357	0.018404907975460124	10	5	0.3017578125	1.0	0.6675759427374302
Qwen3-8B	tulu	scalar_shrink	language	strict	31	1.0	0.0	-1.0	-1.0	-1.0	31	0	9.313225746154785e-10	3.650784492492676e-07	2.634312425340925e-08
Qwen3-8B	tulu	scalar_shrink	language	loose	31	1.0	0.0	-1.0	-1.0	-1.0	31	0	9.313225746154785e-10	3.650784492492676e-07	2.634312425340925e-08
Qwen3-8B	tulu	scalar_shrink	length_constraints	strict	143	0.7762237762237763	0.7692307692307693	-0.006993006993006978	-0.05714740673339399	0.041666666666666664	8	7	1.0	1.0	1.0
Qwen3-8B	tulu	scalar_shrink	length_constraints	loose	143	0.8461538461538461	0.8321678321678322	-0.013986013986013957	-0.05732484076433121	0.029856357311188336	7	5	0.7744140625	1.0	1.0
Qwen3-8B	tulu	scalar_shrink	punctuation	strict	66	0.9393939393939394	0.9696969696969697	0.030303030303030276	-0.02857142857142857	0.09210526315789473	1	3	0.625	1.0	0.9630350194552529
Qwen3-8B	tulu	scalar_shrink	punctuation	loose	66	0.9696969696969697	0.9696969696969697	0.0	-0.04411764705882353	0.04285714285714286	1	1	1.0	1.0	1.0
Qwen3-8B	tulu	scalar_shrink	startend	strict	67	0.9104477611940298	0.9253731343283582	0.014925373134328401	-0.03278688524590164	0.06850495984884253	1	2	1.0	1.0	1.0
Qwen3-8B	tulu	scalar_shrink	startend	loose	67	0.9104477611940298	0.9253731343283582	0.014925373134328401	-0.03278688524590164	0.06779661016949153	1	2	1.0	1.0	1.0
Qwen3-8B	tulu	shape_only	all	prompt_strict	541	0.7430683918669131	0.7060998151571165	-0.036968576709796586	-0.06839186691312385	-0.005545286506469501	47	27	0.026516832550684835	1.0	0.1721420604929704
Qwen3-8B	tulu	shape_only	all	prompt_loose	541	0.7837338262476895	0.7504621072088724	-0.033271719038817094	-0.06469500924214418	-0.0018484288354898336	48	30	0.053544392168502264	1.0	0.2676763577014043
Qwen3-8B	tulu	shape_only	all	instruction_strict	834	0.8141486810551559	0.7889688249400479	-0.02517985611510798	-0.04800936768149883	-0.0012254152883647356	60	39	0.0438752935870152	1.0	0.2312648388277806
Qwen3-8B	tulu	shape_only	all	instruction_loose	834	0.8513189448441247	0.8261390887290168	-0.02517985611510798	-0.04825193479592112	-0.0023864927832708284	56	35	0.03544959487951911	1.0	0.21099198086937862
Qwen3-8B	tulu	shape_only	change_case	strict	89	0.8314606741573034	0.8876404494382022	0.05617977528089879	-0.01000252525252525	0.125	3	8	0.2265625	1.0	0.6103316326530612
Qwen3-8B	tulu	shape_only	change_case	loose	89	0.8764044943820225	0.8876404494382022	0.011235955056179692	-0.047058823529411764	0.07042253521126761	3	4	1.0	1.0	1.0
Qwen3-8B	tulu	shape_only	combination	strict	65	0.8153846153846154	0.7846153846153846	-0.03076923076923077	-0.09303100775193798	0.02857142857142857	3	1	0.625	1.0	0.9630350194552529
Qwen3-8B	tulu	shape_only	combination	loose	65	0.8153846153846154	0.8	-0.01538461538461533	-0.07042253521126761	0.03508771929824561	2	1	1.0	1.0	1.0
Qwen3-8B	tulu	shape_only	detectable_content	strict	53	0.7735849056603774	0.7735849056603774	0.0	-0.10416666666666667	0.10638297872340426	4	4	1.0	1.0	1.0
Qwen3-8B	tulu	shape_only	detectable_content	loose	53	0.8490566037735849	0.8490566037735849	0.0	-0.10344827586206896	0.1064019756838903	4	4	1.0	1.0	1.0
Qwen3-8B	tulu	shape_only	detectable_format	strict	157	0.7834394904458599	0.802547770700637	0.019108280254777066	-0.01764705882352941	0.057692307692307696	3	6	0.5078125	1.0	0.8781386462882096
Qwen3-8B	tulu	shape_only	detectable_format	loose	157	0.8089171974522293	0.821656050955414	0.01273885350318471	-0.02127659574468085	0.04938271604938271	3	5	0.7265625	1.0	1.0
Qwen3-8B	tulu	shape_only	keywords	strict	163	0.754601226993865	0.7607361963190185	0.00613496932515345	-0.037267080745341616	0.05	6	7	1.0	1.0	1.0
Qwen3-8B	tulu	shape_only	keywords	loose	163	0.7975460122699386	0.8098159509202454	0.012269938650306789	-0.03225806451612903	0.056818181818181816	6	8	0.79052734375	1.0	1.0
Qwen3-8B	tulu	shape_only	language	strict	31	1.0	0.0	-1.0	-1.0	-1.0	31	0	9.313225746154785e-10	3.650784492492676e-07	2.634312425340925e-08
Qwen3-8B	tulu	shape_only	language	loose	31	1.0	0.0	-1.0	-1.0	-1.0	31	0	9.313225746154785e-10	3.650784492492676e-07	2.634312425340925e-08
Qwen3-8B	tulu	shape_only	length_constraints	strict	143	0.7762237762237763	0.7902097902097902	0.013986013986013957	-0.04081632653061224	0.0696239328819546	7	9	0.803619384765625	1.0	1.0
Qwen3-8B	tulu	shape_only	length_constraints	loose	143	0.8461538461538461	0.8741258741258742	0.027972027972028024	-0.01974010979435343	0.0763888888888889	4	8	0.3876953125	1.0	0.7714941896984925
Qwen3-8B	tulu	shape_only	punctuation	strict	66	0.9393939393939394	0.9242424242424242	-0.015151515151515249	-0.07142857142857142	0.034482758620689655	2	1	1.0	1.0	1.0
Qwen3-8B	tulu	shape_only	punctuation	loose	66	0.9696969696969697	0.9696969696969697	0.0	-0.06153846153846154	0.06153846153846154	2	2	1.0	1.0	1.0
Qwen3-8B	tulu	shape_only	startend	strict	67	0.9104477611940298	0.9402985074626866	0.029850746268656803	-0.025982570061517423	0.09259259259259259	1	3	0.625	1.0	0.9630350194552529
Qwen3-8B	tulu	shape_only	startend	loose	67	0.9104477611940298	0.9402985074626866	0.029850746268656803	-0.028169014084507043	0.09090909090909091	1	3	0.625	1.0	0.9630350194552529
Qwen3-8B	tulu	head_only	all	prompt_strict	541	0.7430683918669131	0.7153419593345656	-0.027726432532347522	-0.06284658040665435	0.0073937153419593345	52	37	0.13736797135565199	1.0	0.48139572262688657
Qwen3-8B	tulu	head_only	all	prompt_loose	541	0.7837338262476895	0.7634011090573013	-0.020332717190388205	-0.053604436229205174	0.012939001848428836	47	36	0.2722689459720479	1.0	0.6449723101973192
Qwen3-8B	tulu	head_only	all	instruction_strict	834	0.8141486810551559	0.7997601918465228	-0.014388489208633115	-0.03948896631823461	0.010441746864778272	65	53	0.3112309933213218	1.0	0.6809252671560411
Qwen3-8B	tulu	head_only	all	instruction_loose	834	0.8513189448441247	0.8345323741007195	-0.016786570743405282	-0.040244913882788114	0.00620347394540943	58	44	0.19778986306808324	1.0	0.5933695892042496
Qwen3-8B	tulu	head_only	change_case	strict	89	0.8314606741573034	0.8876404494382022	0.05617977528089879	-0.01	0.12383928571428529	2	7	0.1796875	1.0	0.5515988372093024
Qwen3-8B	tulu	head_only	change_case	loose	89	0.8764044943820225	0.898876404494382	0.022471910112359494	-0.030620134651798855	0.07608695652173914	2	4	0.6875	1.0	1.0
Qwen3-8B	tulu	head_only	combination	strict	65	0.8153846153846154	0.8307692307692308	0.015384615384615441	-0.06451612903225806	0.09722222222222222	3	4	1.0	1.0	1.0
Qwen3-8B	tulu	head_only	combination	loose	65	0.8153846153846154	0.8307692307692308	0.015384615384615441	-0.06350050658561296	0.09616935483870946	3	4	1.0	1.0	1.0
Qwen3-8B	tulu	head_only	detectable_content	strict	53	0.7735849056603774	0.7924528301886793	0.018867924528301883	-0.11320754716981132	0.15517241379310345	6	7	1.0	1.0	1.0
Qwen3-8B	tulu	head_only	detectable_content	loose	53	0.8490566037735849	0.8679245283018868	0.018867924528301883	-0.10204081632653061	0.14	5	6	1.0	1.0	1.0
Qwen3-8B	tulu	head_only	detectable_format	strict	157	0.7834394904458599	0.802547770700637	0.019108280254777066	-0.018292682926829267	0.05806451612903226	3	6	0.5078125	1.0	0.8781386462882096
Qwen3-8B	tulu	head_only	detectable_format	loose	157	0.8089171974522293	0.821656050955414	0.01273885350318471	-0.02098271446862996	0.04929794818292468	3	5	0.7265625	1.0	1.0
Qwen3-8B	tulu	head_only	keywords	strict	163	0.754601226993865	0.7730061349693251	0.018404907975460127	-0.03821656050955414	0.07609561063417324	9	12	0.6636238098144531	1.0	1.0
Qwen3-8B	tulu	head_only	keywords	loose	163	0.7975460122699386	0.8159509202453987	0.018404907975460127	-0.03797640341221794	0.07692307692307693	9	12	0.6636238098144531	1.0	1.0
Qwen3-8B	tulu	head_only	language	strict	31	1.0	0.0	-1.0	-1.0	-1.0	31	0	9.313225746154785e-10	3.650784492492676e-07	2.634312425340925e-08
Qwen3-8B	tulu	head_only	language	loose	31	1.0	0.0	-1.0	-1.0	-1.0	31	0	9.313225746154785e-10	3.650784492492676e-07	2.634312425340925e-08
Qwen3-8B	tulu	head_only	length_constraints	strict	143	0.7762237762237763	0.7832167832167832	0.006993006993006978	-0.05303030303030303	0.06623620309050757	10	11	1.0	1.0	1.0
Qwen3-8B	tulu	head_only	length_constraints	loose	143	0.8461538461538461	0.8811188811188811	0.034965034965035	-0.007751937984496124	0.08148148148148149	4	9	0.266845703125	1.0	0.6365716773343374
Qwen3-8B	tulu	head_only	punctuation	strict	66	0.9393939393939394	0.9696969696969697	0.030303030303030276	-0.027777777777777776	0.09375	1	3	0.625	1.0	0.9630350194552529
Qwen3-8B	tulu	head_only	punctuation	loose	66	0.9696969696969697	0.9696969696969697	0.0	-0.04285714285714286	0.04411764705882353	1	1	1.0	1.0	1.0
Qwen3-8B	tulu	head_only	startend	strict	67	0.9104477611940298	0.9552238805970149	0.04477611940298509	0.0	0.1	0	3	0.25	1.0	0.6339079807391234
Qwen3-8B	tulu	head_only	startend	loose	67	0.9104477611940298	0.9552238805970149	0.04477611940298509	0.0	0.1016949152542373	0	3	0.25	1.0	0.6339079807391234
Qwen3-8B	tulu	tail_only	all	prompt_strict	541	0.7430683918669131	0.6654343807763401	-0.077634011090573	-0.10536044362292052	-0.04990757855822551	53	11	1.0058579844832594e-07	3.812201761191553e-05	2.0964197992387933e-06
Qwen3-8B	tulu	tail_only	all	prompt_loose	541	0.7837338262476895	0.7060998151571165	-0.077634011090573	-0.10720887245841035	-0.04990757855822551	53	11	1.0058579844832594e-07	3.812201761191553e-05	2.0964197992387933e-06
Qwen3-8B	tulu	tail_only	all	instruction_strict	834	0.8141486810551559	0.7613908872901679	-0.052757793764988015	-0.07349443280707428	-0.032257102163369016	62	18	8.142666624995286e-07	0.0003053499984373232	1.4656799924991514e-05
Qwen3-8B	tulu	tail_only	all	instruction_loose	834	0.8513189448441247	0.7961630695443646	-0.05515587529976018	-0.07599517490952955	-0.03473053892215569	61	15	9.842847414734724e-08	3.7402820175991954e-05	2.0964197992387933e-06
Qwen3-8B	tulu	tail_only	change_case	strict	89	0.8314606741573034	0.8089887640449438	-0.022471910112359605	-0.08	0.028308625336927126	4	2	0.6875	1.0	1.0
Qwen3-8B	tulu	tail_only	change_case	loose	89	0.8764044943820225	0.8314606741573034	-0.0449438202247191	-0.10256410256410256	0.0	5	1	0.21875	1.0	0.6057692307692307
Qwen3-8B	tulu	tail_only	combination	strict	65	0.8153846153846154	0.8153846153846154	0.0	0.0	0.0	0	0	1.0	1.0	1.0
Qwen3-8B	tulu	tail_only	combination	loose	65	0.8153846153846154	0.8153846153846154	0.0	0.0	0.0	0	0	1.0	1.0	1.0
Qwen3-8B	tulu	tail_only	detectable_content	strict	53	0.7735849056603774	0.7169811320754716	-0.05660377358490576	-0.14035087719298245	0.02040816326530612	4	1	0.375	1.0	0.7654639175257731
Qwen3-8B	tulu	tail_only	detectable_content	loose	53	0.8490566037735849	0.8113207547169812	-0.037735849056603765	-0.1282051282051282	0.05263157894736842	4	2	0.6875	1.0	1.0
Qwen3-8B	tulu	tail_only	detectable_format	strict	157	0.7834394904458599	0.7770700636942676	-0.006369426751592355	-0.03424657534246575	0.02054794520547945	3	2	1.0	1.0	1.0
Qwen3-8B	tulu	tail_only	detectable_format	loose	157	0.8089171974522293	0.802547770700637	-0.006369426751592355	-0.03488575378110262	0.020689655172413793	3	2	1.0	1.0	1.0
Qwen3-8B	tulu	tail_only	keywords	strict	163	0.754601226993865	0.754601226993865	0.0	-0.0457516339869281	0.044588656015371986	7	7	1.0	1.0	1.0
Qwen3-8B	tulu	tail_only	keywords	loose	163	0.7975460122699386	0.803680981595092	0.00613496932515345	-0.03773584905660377	0.049079754601226995	6	7	1.0	1.0	1.0
Qwen3-8B	tulu	tail_only	language	strict	31	1.0	0.0	-1.0	-1.0	-1.0	31	0	9.313225746154785e-10	3.650784492492676e-07	2.634312425340925e-08
Qwen3-8B	tulu	tail_only	language	loose	31	1.0	0.0	-1.0	-1.0	-1.0	31	0	9.313225746154785e-10	3.650784492492676e-07	2.634312425340925e-08
Qwen3-8B	tulu	tail_only	length_constraints	strict	143	0.7762237762237763	0.7342657342657343	-0.04195804195804198	-0.09333812949640288	0.007246376811594203	10	4	0.1795654296875	1.0	0.5515988372093024
Qwen3-8B	tulu	tail_only	length_constraints	loose	143	0.8461538461538461	0.7972027972027972	-0.04895104895104896	-0.0945945945945946	-0.006848150218991723	9	2	0.0654296875	1.0	0.2978178879310345
Qwen3-8B	tulu	tail_only	punctuation	strict	66	0.9393939393939394	0.9696969696969697	0.030303030303030276	0.0	0.078125	0	2	0.5	1.0	0.8781386462882096
Qwen3-8B	tulu	tail_only	punctuation	loose	66	0.9696969696969697	0.9848484848484849	0.015151515151515138	0.0	0.049185387573365644	0	1	1.0	1.0	1.0
Qwen3-8B	tulu	tail_only	startend	strict	67	0.9104477611940298	0.8656716417910447	-0.04477611940298509	-0.10144927536231885	0.0	3	0	0.25	1.0	0.6339079807391234
Qwen3-8B	tulu	tail_only	startend	loose	67	0.9104477611940298	0.8656716417910447	-0.04477611940298509	-0.1	0.0	3	0	0.25	1.0	0.6339079807391234
Qwen3-8B	tulu	hns	all	prompt_strict	541	0.7430683918669131	0.7578558225508318	0.014787430683918745	-0.011090573012939002	0.04066543438077634	22	30	0.3317497633694906	1.0	0.7178847338487337
Qwen3-8B	tulu	hns	all	prompt_loose	541	0.7837338262476895	0.8077634011090573	0.02402957486136781	-0.0018484288354898336	0.04990757855822551	21	34	0.10478948242660335	1.0	0.4234350514381115
Qwen3-8B	tulu	hns	all	instruction_strict	834	0.8141486810551559	0.8321342925659473	0.017985611510791366	-0.0012315650568233585	0.037668217281147526	32	47	0.11466035574580126	1.0	0.45281249243785354
Qwen3-8B	tulu	hns	all	instruction_loose	834	0.8513189448441247	0.8669064748201439	0.015587529976019199	-0.0035588245238839904	0.03508874645630468	27	40	0.14207137942637568	1.0	0.48556753305288464
Qwen3-8B	tulu	hns	change_case	strict	89	0.8314606741573034	0.8764044943820225	0.0449438202247191	-0.013157894736842105	0.1111111111111111	2	6	0.2890625	1.0	0.6471216037015375
Qwen3-8B	tulu	hns	change_case	loose	89	0.8764044943820225	0.8876404494382022	0.011235955056179692	-0.037037037037037035	0.0625	2	3	1.0	1.0	1.0
Qwen3-8B	tulu	hns	combination	strict	65	0.8153846153846154	0.8307692307692308	0.015384615384615441	-0.06779661016949153	0.0958904109589041	3	4	1.0	1.0	1.0
Qwen3-8B	tulu	hns	combination	loose	65	0.8153846153846154	0.8461538461538461	0.03076923076923077	-0.04411764705882353	0.10714285714285714	2	4	0.6875	1.0	1.0
Qwen3-8B	tulu	hns	detectable_content	strict	53	0.7735849056603774	0.7735849056603774	0.0	-0.11627906976744186	0.11864406779661017	5	5	1.0	1.0	1.0
Qwen3-8B	tulu	hns	detectable_content	loose	53	0.8490566037735849	0.8490566037735849	0.0	-0.11864406779661017	0.12070271682340629	5	5	1.0	1.0	1.0
Qwen3-8B	tulu	hns	detectable_format	strict	157	0.7834394904458599	0.7961783439490446	0.01273885350318471	-0.026143790849673203	0.053574424736337445	4	6	0.75390625	1.0	1.0
Qwen3-8B	tulu	hns	detectable_format	loose	157	0.8089171974522293	0.8152866242038217	0.006369426751592355	-0.03067484662576687	0.044585987261146494	4	5	1.0	1.0	1.0
Qwen3-8B	tulu	hns	keywords	strict	163	0.754601226993865	0.803680981595092	0.049079754601227044	0.0	0.10135767451943914	4	12	0.076812744140625	1.0	0.3456573486328125
Qwen3-8B	tulu	hns	keywords	loose	163	0.7975460122699386	0.8404907975460123	0.042944785276073705	-0.006411290322580644	0.09615384615384616	5	12	0.143463134765625	1.0	0.48556753305288464
Qwen3-8B	tulu	hns	language	strict	31	1.0	1.0	0.0	0.0	0.0	0	0	1.0	1.0	1.0
Qwen3-8B	tulu	hns	language	loose	31	1.0	1.0	0.0	0.0	0.0	0	0	1.0	1.0	1.0
Qwen3-8B	tulu	hns	length_constraints	strict	143	0.7762237762237763	0.7482517482517482	-0.027972027972028024	-0.09271523178807947	0.03816793893129771	13	9	0.5234670639038086	1.0	0.8935041263185698
Qwen3-8B	tulu	hns	length_constraints	loose	143	0.8461538461538461	0.8461538461538461	0.0	-0.056338028169014086	0.055223244717109626	8	8	1.0	1.0	1.0
Qwen3-8B	tulu	hns	punctuation	strict	66	0.9393939393939394	0.9696969696969697	0.030303030303030276	-0.027777777777777776	0.09375	1	3	0.625	1.0	0.9630350194552529
Qwen3-8B	tulu	hns	punctuation	loose	66	0.9696969696969697	0.9696969696969697	0.0	-0.04477611940298507	0.04411764705882353	1	1	1.0	1.0	1.0
Qwen3-8B	tulu	hns	startend	strict	67	0.9104477611940298	0.9402985074626866	0.029850746268656803	0.0	0.07792207792207792	0	2	0.5	1.0	0.8781386462882096
Qwen3-8B	tulu	hns	startend	loose	67	0.9104477611940298	0.9402985074626866	0.029850746268656803	0.0	0.07575757575757576	0	2	0.5	1.0	0.8781386462882096
Qwen3-8B	tulu	head_fro_restore	all	prompt_strict	541	0.7430683918669131	0.6746765249537893	-0.06839186691312382	-0.09981515711645102	-0.038817005545286505	56	19	2.242964215897027e-05	0.00827653795666003	0.0003172192248197224
Qwen3-8B	tulu	head_fro_restore	all	prompt_loose	541	0.7837338262476895	0.7301293900184843	-0.05360443622920519	-0.08502772643253234	-0.022181146025878003	51	22	0.0009142745821630901	0.32822457499654933	0.009527703540436411
Qwen3-8B	tulu	head_fro_restore	all	instruction_strict	834	0.8141486810551559	0.7721822541966427	-0.04196642685851326	-0.06579107830551989	-0.01904648795385139	65	30	0.00042479272889474573	0.15377496785989794	0.0048062263040662655
Qwen3-8B	tulu	head_fro_restore	all	instruction_loose	834	0.8513189448441247	0.8165467625899281	-0.03477218225419665	-0.056626506024096385	-0.013236666030269375	57	28	0.0021949089077805926	0.781387571169891	0.02119960798734426
Qwen3-8B	tulu	head_fro_restore	change_case	strict	89	0.8314606741573034	0.8314606741573034	0.0	-0.07608695652173914	0.07692307692307693	7	7	1.0	1.0	1.0
Qwen3-8B	tulu	head_fro_restore	change_case	loose	89	0.8764044943820225	0.8651685393258427	-0.011235955056179803	-0.08791208791208792	0.06172839506172839	6	5	1.0	1.0	1.0
Qwen3-8B	tulu	head_fro_restore	combination	strict	65	0.8153846153846154	0.7692307692307693	-0.0461538461538461	-0.10526315789473684	0.0	3	0	0.25	1.0	0.6339079807391234
Qwen3-8B	tulu	head_fro_restore	combination	loose	65	0.8153846153846154	0.8	-0.01538461538461533	-0.05263157894736842	0.0	1	0	1.0	1.0	1.0
Qwen3-8B	tulu	head_fro_restore	detectable_content	strict	53	0.7735849056603774	0.7358490566037735	-0.037735849056603876	-0.13333333333333333	0.05172413793103448	4	2	0.6875	1.0	1.0
Qwen3-8B	tulu	head_fro_restore	detectable_content	loose	53	0.8490566037735849	0.8490566037735849	0.0	-0.09095117845117842	0.09302325581395349	3	3	1.0	1.0	1.0
Qwen3-8B	tulu	head_fro_restore	detectable_format	strict	157	0.7834394904458599	0.802547770700637	0.019108280254777066	-0.01775147928994083	0.057692307692307696	3	6	0.5078125	1.0	0.8781386462882096
Qwen3-8B	tulu	head_fro_restore	detectable_format	loose	157	0.8089171974522293	0.8280254777070064	0.019108280254777066	-0.013071895424836602	0.053691275167785234	2	5	0.453125	1.0	0.8570539202008929
Qwen3-8B	tulu	head_fro_restore	keywords	strict	163	0.754601226993865	0.7607361963190185	0.00613496932515345	-0.04294643446137608	0.056962025316455694	7	8	1.0	1.0	1.0
Qwen3-8B	tulu	head_fro_restore	keywords	loose	163	0.7975460122699386	0.803680981595092	0.00613496932515345	-0.043209876543209874	0.0552562922038059	7	8	1.0	1.0	1.0
Qwen3-8B	tulu	head_fro_restore	language	strict	31	1.0	0.0	-1.0	-1.0	-1.0	31	0	9.313225746154785e-10	3.650784492492676e-07	2.634312425340925e-08
Qwen3-8B	tulu	head_fro_restore	language	loose	31	1.0	0.0	-1.0	-1.0	-1.0	31	0	9.313225746154785e-10	3.650784492492676e-07	2.634312425340925e-08
Qwen3-8B	tulu	head_fro_restore	length_constraints	strict	143	0.7762237762237763	0.7552447552447552	-0.020979020979021046	-0.07086753783436645	0.027777777777777776	8	5	0.5810546875	1.0	0.9425319717854115
Qwen3-8B	tulu	head_fro_restore	length_constraints	loose	143	0.8461538461538461	0.8461538461538461	0.0	-0.04411764705882353	0.043209876543209874	5	5	1.0	1.0	1.0
Qwen3-8B	tulu	head_fro_restore	punctuation	strict	66	0.9393939393939394	0.9393939393939394	0.0	-0.04411764705882353	0.04411764705882353	1	1	1.0	1.0	1.0
Qwen3-8B	tulu	head_fro_restore	punctuation	loose	66	0.9696969696969697	0.9696969696969697	0.0	-0.04411764705882353	0.04411764705882353	1	1	1.0	1.0	1.0
Qwen3-8B	tulu	head_fro_restore	startend	strict	67	0.9104477611940298	0.9104477611940298	0.0	-0.04285714285714286	0.041666666666666664	1	1	1.0	1.0	1.0
Qwen3-8B	tulu	head_fro_restore	startend	loose	67	0.9104477611940298	0.9104477611940298	0.0	-0.04225352112676056	0.04287267080745319	1	1	1.0	1.0	1.0
Qwen3-8B	commonsense	scalar_shrink	arc_challenge	accuracy	1172	0.9146757679180887	0.9197952218430034	0.005119453924914752	-0.0034129692832764505	0.013651877133105802	11	17	0.34492845088243484	1.0	0.7383333326996984
Qwen3-8B	commonsense	scalar_shrink	arc_easy	accuracy	2376	0.9713804713804713	0.9751683501683501	0.0037878787878787845	0.0	0.007575757575757576	6	15	0.0783538818359375	1.0	0.3486307551351826
Qwen3-8B	commonsense	scalar_shrink	boolq	accuracy	3270	0.8804281345565749	0.8880733944954129	0.007645259938838023	0.0021406727828746177	0.01345565749235474	33	58	0.011456340539425671	1.0	0.09451480945026179
Qwen3-8B	commonsense	scalar_shrink	hellaswag	accuracy	10042	0.9425413264289982	0.9407488548097989	-0.0017924716191993761	-0.004879506074487154	0.0011949810794662419	125	107	0.2643360364060425	1.0	0.6344064873745019
Qwen3-8B	commonsense	scalar_shrink	openbookqa	accuracy	500	0.934	0.922	-0.01200000000000001	-0.028	0.002	10	4	0.1795654296875	1.0	0.5515988372093024
Qwen3-8B	commonsense	scalar_shrink	piqa	accuracy	1838	0.9009793253536452	0.9080522306855278	0.00707290533188254	-0.001088139281828074	0.015778019586507073	25	38	0.1299179230225525	1.0	0.4763657177493592
Qwen3-8B	commonsense	scalar_shrink	siqa	accuracy	1954	0.823439099283521	0.827021494370522	0.003582395087000978	-0.006141248720573183	0.01330603889457523	42	49	0.5296020954762451	1.0	0.9000962652729317
Qwen3-8B	commonsense	scalar_shrink	winogrande	accuracy	1267	0.8950276243093923	0.8910812943962115	-0.003946329913180779	-0.01499605367008682	0.007103393843725336	29	24	0.5831321542611763	1.0	0.9425319717854115
Qwen3-8B	commonsense	shape_only	arc_challenge	accuracy	1172	0.9146757679180887	0.8993174061433447	-0.015358361774744034	-0.024744027303754267	-0.005972696245733789	26	8	0.0029350556433200836	1.0	0.027673381779875075
Qwen3-8B	commonsense	shape_only	arc_easy	accuracy	2376	0.9713804713804713	0.9692760942760943	-0.002104377104377053	-0.006734006734006734	0.0025252525252525255	19	14	0.48685024166479707	1.0	0.8781386462882096
Qwen3-8B	commonsense	shape_only	boolq	accuracy	3270	0.8804281345565749	0.8785932721712538	-0.0018348623853210455	-0.00856269113149847	0.004892966360856269	67	61	0.6587012845406399	1.0	1.0
Qwen3-8B	commonsense	shape_only	hellaswag	accuracy	10042	0.9425413264289982	0.9327823142800239	-0.009759012148974344	-0.01314479187412866	-0.00627365066719777	205	107	3.096679813587249e-08	1.179835008976742e-05	7.664282538628442e-07
Qwen3-8B	commonsense	shape_only	openbookqa	accuracy	500	0.934	0.914	-0.020000000000000018	-0.038	-0.002	15	5	0.04138946533203125	1.0	0.22764205932617188
Qwen3-8B	commonsense	shape_only	piqa	accuracy	1838	0.9009793253536452	0.8928182807399347	-0.008161044613710478	-0.018498367791077257	0.001632208922742111	52	37	0.13736797135565199	1.0	0.48139572262688657
Qwen3-8B	commonsense	shape_only	siqa	accuracy	1954	0.823439099283521	0.812691914022518	-0.010747185261003045	-0.02047082906857728	-0.0010235414534288639	60	39	0.0438752935870152	1.0	0.2312648388277806
Qwen3-8B	commonsense	shape_only	winogrande	accuracy	1267	0.8950276243093923	0.877663772691397	-0.017363851617995363	-0.02999210734017364	-0.0055248618784530384	43	21	0.008146902228698568	1.0	0.07013420179488332
Qwen3-8B	commonsense	head_only	arc_challenge	accuracy	1172	0.9146757679180887	0.9215017064846417	0.006825938566553003	-0.0034129692832764505	0.017064846416382253	15	23	0.2558750795433298	1.0	0.6344064873745019
Qwen3-8B	commonsense	head_only	arc_easy	accuracy	2376	0.9713804713804713	0.9768518518518519	0.005471380471380516	0.0008417508417508417	0.010101010101010102	9	22	0.029449373483657837	1.0	0.18511034761156356
Qwen3-8B	commonsense	head_only	boolq	accuracy	3270	0.8804281345565749	0.8868501529051988	0.006422018348623881	-0.0003058103975535168	0.013149847094801223	55	76	0.08016994071057768	1.0	0.3515857330527159
Qwen3-8B	commonsense	head_only	hellaswag	accuracy	10042	0.9425413264289982	0.930691097390958	-0.011850229038040228	-0.015733917546305518	-0.008066122286397132	252	133	1.3507325421010422e-09	5.159798310825981e-07	3.565933911146752e-08
Qwen3-8B	commonsense	head_only	openbookqa	accuracy	500	0.934	0.918	-0.016000000000000014	-0.034	0.002	15	7	0.13380050659179688	1.0	0.47734234784100504
Qwen3-8B	commonsense	head_only	piqa	accuracy	1838	0.9009793253536452	0.9020674646354734	0.0010881392818281599	-0.009249183895538629	0.011425462459194777	44	46	0.9161288770112893	1.0	1.0
Qwen3-8B	commonsense	head_only	siqa	accuracy	1954	0.823439099283521	0.8229273285568065	-0.0005117707267144889	-0.012282497441146366	0.011770726714431934	70	69	1.0	1.0	1.0
Qwen3-8B	commonsense	head_only	winogrande	accuracy	1267	0.8950276243093923	0.861878453038674	-0.03314917127071826	-0.0489344909234412	-0.017363851617995266	74	32	5.541979465701251e-05	0.02033906463912359	0.0007315412894725651
Qwen3-8B	commonsense	tail_only	arc_challenge	accuracy	1172	0.9146757679180887	0.909556313993174	-0.005119453924914641	-0.011092150170648464	0.0008532423208191126	10	4	0.1795654296875	1.0	0.5515988372093024
Qwen3-8B	commonsense	tail_only	arc_easy	accuracy	2376	0.9713804713804713	0.9671717171717171	-0.004208754208754217	-0.007996632996632997	-0.00042087542087542086	15	5	0.04138946533203125	1.0	0.22764205932617188
Qwen3-8B	commonsense	tail_only	boolq	accuracy	3270	0.8804281345565749	0.8755351681957186	-0.004892966360856232	-0.009785932721712538	0.0	40	24	0.05994118956699923	1.0	0.2894720862016061
Qwen3-8B	commonsense	tail_only	hellaswag	accuracy	10042	0.9425413264289982	0.9371639115714001	-0.005377414857598128	-0.007767377016530572	-0.0029874526986656044	100	46	9.236846495694613e-06	0.003436106896398396	0.00014631164849180267
Qwen3-8B	commonsense	tail_only	openbookqa	accuracy	500	0.934	0.926	-0.008000000000000007	-0.02	0.004	7	3	0.34375	1.0	0.7383333326996984
Qwen3-8B	commonsense	tail_only	piqa	accuracy	1838	0.9009793253536452	0.8982589771490751	-0.002720348204570122	-0.009249183895538629	0.003808487486398259	21	16	0.5113757815852296	1.0	0.8804556935119605
Qwen3-8B	commonsense	tail_only	siqa	accuracy	1954	0.823439099283521	0.8172978505629478	-0.0061412487205732	-0.01330603889457523	0.0010235414534288639	33	21	0.13367423536410528	1.0	0.47734234784100504
Qwen3-8B	commonsense	tail_only	winogrande	accuracy	1267	0.8950276243093923	0.8950276243093923	0.0	-0.007892659826361484	0.007892659826361484	14	14	1.0	1.0	1.0
Qwen3-8B	commonsense	hns	arc_challenge	accuracy	1172	0.9146757679180887	0.9104095563139932	-0.00426621160409546	-0.013651877133105802	0.005119453924914676	19	14	0.48685024166479707	1.0	0.8781386462882096
Qwen3-8B	commonsense	hns	arc_easy	accuracy	2376	0.9713804713804713	0.9755892255892256	0.004208754208754217	0.0	0.008838383838383838	9	19	0.08715855330228806	1.0	0.37112674309361365
Qwen3-8B	commonsense	hns	boolq	accuracy	3270	0.8804281345565749	0.8856269113149847	0.005198776758409851	-0.0012232415902140672	0.011926605504587157	54	71	0.15212086696675978	1.0	0.5062173388137553
Qwen3-8B	commonsense	hns	hellaswag	accuracy	10042	0.9425413264289982	0.9337781318462458	-0.008763194582752432	-0.012248556064528978	-0.005277833100975901	204	116	9.934328889667847e-07	0.0003715439004735775	1.710432278394986e-05
Qwen3-8B	commonsense	hns	openbookqa	accuracy	500	0.934	0.916	-0.018000000000000016	-0.034	-0.002	13	4	0.049041748046875	1.0	0.24898118239182693
Qwen3-8B	commonsense	hns	piqa	accuracy	1838	0.9009793253536452	0.8998911860718172	-0.0010881392818280489	-0.010337323177366704	0.008705114254624592	40	38	0.9099464518745243	1.0	1.0
Qwen3-8B	commonsense	hns	siqa	accuracy	1954	0.823439099283521	0.8265097236438076	0.0030706243602866	-0.007164790174002047	0.013318833162742905	52	58	0.6337556480191584	1.0	0.9727412271921966
Qwen3-8B	commonsense	hns	winogrande	accuracy	1267	0.8950276243093923	0.8792423046566693	-0.015785319652723007	-0.02920284135753749	-0.0031570639305445935	46	26	0.024460907328324375	1.0	0.16144198836694088
Qwen3-8B	commonsense	head_fro_restore	arc_challenge	accuracy	1172	0.9146757679180887	0.8993174061433447	-0.015358361774744034	-0.023890784982935155	-0.007679180887372013	22	4	0.0005335211753845215	0.19206762313842773	0.005710118525737041
Qwen3-8B	commonsense	head_fro_restore	arc_easy	accuracy	2376	0.9713804713804713	0.9692760942760943	-0.002104377104377053	-0.006734006734006734	0.0025252525252525255	19	14	0.48685024166479707	1.0	0.8781386462882096
Qwen3-8B	commonsense	head_fro_restore	boolq	accuracy	3270	0.8804281345565749	0.8782874617737003	-0.002140672782874553	-0.008256880733944955	0.003975535168195718	57	50	0.5620926850537895	1.0	0.9197880300880191
Qwen3-8B	commonsense	head_fro_restore	hellaswag	accuracy	10042	0.9425413264289982	0.9342760406293567	-0.008265285799641586	-0.011451902011551484	-0.005078669587731528	174	91	3.82970858211996e-07	0.0001439970426877105	7.22173618342621e-06
Qwen3-8B	commonsense	head_fro_restore	openbookqa	accuracy	500	0.934	0.922	-0.01200000000000001	-0.028	0.004	12	6	0.237884521484375	1.0	0.6322300034081376
Qwen3-8B	commonsense	head_fro_restore	piqa	accuracy	1838	0.9009793253536452	0.8977149075081611	-0.0032644178454841466	-0.011969532100108813	0.00544069640914037	35	29	0.5323087760278421	1.0	0.9008302363548096
Qwen3-8B	commonsense	head_fro_restore	siqa	accuracy	1954	0.823439099283521	0.8183213920163767	-0.0051177072671443335	-0.014841351074718526	0.004605936540429887	51	41	0.3481412903192065	1.0	0.7412040374537945
Qwen3-8B	commonsense	head_fro_restore	winogrande	accuracy	1267	0.8950276243093923	0.8816101026045777	-0.013417521704814583	-0.0244672454617206	-0.0023677979479084454	34	17	0.024092907698449295	1.0	0.16144198836694088
Llama-3.1-8B-Instruct	magicoder	scalar_shrink	humaneval	accuracy	164	0.573170731707317	0.6341463414634146	0.060975609756097615	0.018292682926829267	0.10365853658536585	2	12	0.012939453125	1.0	0.09488932291666667
Llama-3.1-8B-Instruct	magicoder	scalar_shrink	mbpp	accuracy	257	0.6186770428015564	0.642023346303502	0.023346303501945553	0.0	0.04669260700389105	2	8	0.109375	1.0	0.4375
Llama-3.1-8B-Instruct	magicoder	shape_only	humaneval	accuracy	164	0.573170731707317	0.6097560975609756	0.03658536585365857	-0.006097560975609756	0.08536585365853659	5	11	0.210113525390625	1.0	0.5943211146763393
Llama-3.1-8B-Instruct	magicoder	shape_only	mbpp	accuracy	257	0.6186770428015564	0.642023346303502	0.023346303501945553	-0.011673151750972763	0.058365758754863814	7	13	0.26317596435546875	1.0	0.6344064873745019
Llama-3.1-8B-Instruct	magicoder	head_only	humaneval	accuracy	164	0.573170731707317	0.6463414634146342	0.07317073170731714	0.012195121951219513	0.13414634146341464	8	20	0.03569813817739487	1.0	0.21099198086937862
Llama-3.1-8B-Instruct	magicoder	head_only	mbpp	accuracy	257	0.6186770428015564	0.6342412451361867	0.015564202334630295	-0.01556420233463035	0.05058365758754864	8	12	0.5034446716308594	1.0	0.8781386462882096
Llama-3.1-8B-Instruct	magicoder	tail_only	humaneval	accuracy	164	0.573170731707317	0.5609756097560976	-0.012195121951219412	-0.03048780487804878	0.0	2	0	0.5	1.0	0.8781386462882096
Llama-3.1-8B-Instruct	magicoder	tail_only	mbpp	accuracy	257	0.6186770428015564	0.6186770428015564	0.0	-0.011673151750972763	0.011673151750972763	1	1	1.0	1.0	1.0
Llama-3.1-8B-Instruct	magicoder	hns	humaneval	accuracy	164	0.573170731707317	0.6341463414634146	0.060975609756097615	0.006097560975609756	0.12195121951219512	7	17	0.06391465663909912	1.0	0.2978178879310345
Llama-3.1-8B-Instruct	magicoder	hns	mbpp	accuracy	257	0.6186770428015564	0.6381322957198443	0.01945525291828787	-0.01556420233463035	0.054474708171206226	9	14	0.4048728942871094	1.0	0.8016483306884765
Llama-3.1-8B-Instruct	magicoder	head_fro_restore	humaneval	accuracy	164	0.573170731707317	0.6280487804878049	0.054878048780487854	0.018292682926829267	0.0975609756097561	1	10	0.01171875	1.0	0.09470663265306123
Llama-3.1-8B-Instruct	magicoder	head_fro_restore	mbpp	accuracy	257	0.6186770428015564	0.6342412451361867	0.015564202334630295	-0.011673151750972763	0.04669260700389105	5	9	0.4239501953125	1.0	0.8229621438419118
Llama-3.1-8B-Instruct	metamath	scalar_shrink	gsm8k	accuracy	1319	0.7740712661106899	0.77710386656558	0.0030326004548900665	-0.009855951478392721	0.01592115238817286	34	38	0.723948145746914	1.0	1.0
Llama-3.1-8B-Instruct	metamath	shape_only	gsm8k	accuracy	1319	0.7740712661106899	0.7930250189537529	0.018953752843063	0.001516300227445034	0.0356330553449583	51	76	0.03278956169303341	1.0	0.19976409892986507
Llama-3.1-8B-Instruct	metamath	head_only	gsm8k	accuracy	1319	0.7740712661106899	0.7945413191811979	0.020470053070507976	0.001516300227445034	0.039423805913570885	70	97	0.0439023853580117	1.0	0.2312648388277806
Llama-3.1-8B-Instruct	metamath	tail_only	gsm8k	accuracy	1319	0.7740712661106899	0.7763457164518575	0.0022744503411675776	-0.009097801364670205	0.014404852160727824	30	33	0.8013064925040662	1.0	1.0
Llama-3.1-8B-Instruct	metamath	hns	gsm8k	accuracy	1319	0.7740712661106899	0.8066717210007581	0.03260045489006824	0.014404852160727824	0.05079605761940864	51	94	0.00044643117718957303	0.16116165496543586	0.004910742949085303
Llama-3.1-8B-Instruct	metamath	head_fro_restore	gsm8k	accuracy	1319	0.7740712661106899	0.7884761182714177	0.014404852160727843	-0.001516300227445034	0.029567854435178165	44	63	0.08135304820596587	1.0	0.3515857330527159
Llama-3.1-8B-Instruct	tulu	scalar_shrink	all	prompt_strict	541	0.6229205175600739	0.6451016635859519	0.02218114602587795	-0.0036968576709796672	0.04805914972273567	19	31	0.11892045255943628	1.0	0.45281249243785354
Llama-3.1-8B-Instruct	tulu	scalar_shrink	all	prompt_loose	541	0.6728280961182994	0.6987060998151571	0.025878003696857665	0.0018484288354898336	0.04990757855822551	16	30	0.054076031858869555	1.0	0.2676763577014043
Llama-3.1-8B-Instruct	tulu	scalar_shrink	all	instruction_strict	834	0.7302158273381295	0.7422062350119905	0.011990407673860948	-0.007290400972053463	0.03161592505854801	31	41	0.28878428041410487	1.0	0.6471216037015375
Llama-3.1-8B-Instruct	tulu	scalar_shrink	all	instruction_loose	834	0.7757793764988009	0.7877697841726619	0.011990407673860948	-0.005995203836930456	0.030338425133962454	27	37	0.2604354765766535	1.0	0.6344064873745019
Llama-3.1-8B-Instruct	tulu	scalar_shrink	change_case	strict	89	0.8651685393258427	0.8089887640449438	-0.0561797752808989	-0.13253012048192772	0.0125	8	3	0.2265625	1.0	0.6103316326530612
Llama-3.1-8B-Instruct	tulu	scalar_shrink	change_case	loose	89	0.898876404494382	0.8539325842696629	-0.0449438202247191	-0.10975609756097561	0.01282051282051282	6	2	0.2890625	1.0	0.6471216037015375
Llama-3.1-8B-Instruct	tulu	scalar_shrink	combination	strict	65	0.676923076923077	0.7230769230769231	0.0461538461538461	-0.01639344262295082	0.11666666666666667	1	4	0.375	1.0	0.7654639175257731
Llama-3.1-8B-Instruct	tulu	scalar_shrink	combination	loose	65	0.6923076923076923	0.7384615384615385	0.04615384615384621	-0.01639344262295082	0.11864406779661017	1	4	0.375	1.0	0.7654639175257731
Llama-3.1-8B-Instruct	tulu	scalar_shrink	detectable_content	strict	53	0.660377358490566	0.7547169811320755	0.09433962264150952	-0.01694915254237288	0.20454545454545456	2	7	0.1796875	1.0	0.5515988372093024
Llama-3.1-8B-Instruct	tulu	scalar_shrink	detectable_content	loose	53	0.7358490566037735	0.7735849056603774	0.037735849056603876	-0.09090909090909091	0.16666666666666666	5	7	0.7744140625	1.0	1.0
Llama-3.1-8B-Instruct	tulu	scalar_shrink	detectable_format	strict	157	0.7070063694267515	0.7579617834394905	0.05095541401273895	0.011904761904761904	0.09558823529411764	2	10	0.03857421875	1.0	0.21821986607142857
Llama-3.1-8B-Instruct	tulu	scalar_shrink	detectable_format	loose	157	0.7452229299363057	0.7770700636942676	0.03184713375796189	-0.006211180124223602	0.07006369426751592	2	7	0.1796875	1.0	0.5515988372093024
Llama-3.1-8B-Instruct	tulu	scalar_shrink	keywords	strict	163	0.7239263803680982	0.7484662576687117	0.024539877300613466	-0.01744186046511628	0.06703995775991278	5	9	0.4239501953125	1.0	0.8229621438419118
Llama-3.1-8B-Instruct	tulu	scalar_shrink	keywords	loose	163	0.7791411042944786	0.8159509202453987	0.036809815950920144	-0.006493506493506494	0.08280254777070063	5	11	0.210113525390625	1.0	0.5943211146763393
Llama-3.1-8B-Instruct	tulu	scalar_shrink	language	strict	31	0.0	0.0	0.0	0.0	0.0	0	0	1.0	1.0	1.0
Llama-3.1-8B-Instruct	tulu	scalar_shrink	language	loose	31	0.0	0.0	0.0	0.0	0.0	0	0	1.0	1.0	1.0
Llama-3.1-8B-Instruct	tulu	scalar_shrink	length_constraints	strict	143	0.6993006993006993	0.6503496503496503	-0.04895104895104896	-0.10526315789473684	0.006994238156209969	12	5	0.143463134765625	1.0	0.48556753305288464
Llama-3.1-8B-Instruct	tulu	scalar_shrink	length_constraints	loose	143	0.7902097902097902	0.7692307692307693	-0.020979020979020935	-0.06722689075630252	0.025003930817610008	7	4	0.548828125	1.0	0.9093553870292888
Llama-3.1-8B-Instruct	tulu	scalar_shrink	punctuation	strict	66	0.9545454545454546	0.9696969696969697	0.015151515151515138	-0.03389830508474576	0.06896551724137931	1	2	1.0	1.0	1.0
Llama-3.1-8B-Instruct	tulu	scalar_shrink	punctuation	loose	66	0.9848484848484849	0.9696969696969697	-0.015151515151515138	-0.05	0.0	1	0	1.0	1.0	1.0
Llama-3.1-8B-Instruct	tulu	scalar_shrink	startend	strict	67	0.9104477611940298	0.9253731343283582	0.014925373134328401	0.0	0.05063827504827283	0	1	1.0	1.0	1.0
Llama-3.1-8B-Instruct	tulu	scalar_shrink	startend	loose	67	0.9104477611940298	0.9402985074626866	0.029850746268656803	0.0	0.07692307692307693	0	2	0.5	1.0	0.8781386462882096
Llama-3.1-8B-Instruct	tulu	shape_only	all	prompt_strict	541	0.6229205175600739	0.6451016635859519	0.02218114602587795	-0.0073937153419593345	0.051756007393715345	27	39	0.1752857944430353	1.0	0.5515988372093024
Llama-3.1-8B-Instruct	tulu	shape_only	all	prompt_loose	541	0.6728280961182994	0.7024029574861368	0.02957486136783738	0.0018484288354898336	0.05730129390018484	23	39	0.05589722669971113	1.0	0.2732753305319211
Llama-3.1-8B-Instruct	tulu	shape_only	all	instruction_strict	834	0.7302158273381295	0.7458033573141487	0.015587529976019199	-0.007100802041560335	0.038019529443656004	38	51	0.20311681873649556	1.0	0.5943211146763393
Llama-3.1-8B-Instruct	tulu	shape_only	all	instruction_loose	834	0.7757793764988009	0.790167865707434	0.014388489208633115	-0.006188310513207455	0.03537735849056604	35	47	0.22424452830608177	1.0	0.6103316326530612
Llama-3.1-8B-Instruct	tulu	shape_only	change_case	strict	89	0.8651685393258427	0.7865168539325843	-0.0786516853932584	-0.15294117647058825	-0.011111111111111112	9	2	0.0654296875	1.0	0.2978178879310345
Llama-3.1-8B-Instruct	tulu	shape_only	change_case	loose	89	0.898876404494382	0.8539325842696629	-0.0449438202247191	-0.10810810810810811	0.01282051282051282	6	2	0.2890625	1.0	0.6471216037015375
Llama-3.1-8B-Instruct	tulu	shape_only	combination	strict	65	0.676923076923077	0.6923076923076923	0.01538461538461533	-0.05263157894736842	0.08571428571428572	2	3	1.0	1.0	1.0
Llama-3.1-8B-Instruct	tulu	shape_only	combination	loose	65	0.6923076923076923	0.6923076923076923	0.0	-0.07575757575757576	0.07462686567164178	3	3	1.0	1.0	1.0
Llama-3.1-8B-Instruct	tulu	shape_only	detectable_content	strict	53	0.660377358490566	0.7924528301886793	0.1320754716981133	0.0	0.2608695652173913	3	10	0.09228515625	1.0	0.3842010498046875
Llama-3.1-8B-Instruct	tulu	shape_only	detectable_content	loose	53	0.7358490566037735	0.8113207547169812	0.07547169811320764	-0.05357142857142857	0.2037037037037037	4	8	0.3876953125	1.0	0.7714941896984925
Llama-3.1-8B-Instruct	tulu	shape_only	detectable_format	strict	157	0.7070063694267515	0.7515923566878981	0.0445859872611466	0.0	0.09289935188715208	4	11	0.11846923828125	1.0	0.45281249243785354
Llama-3.1-8B-Instruct	tulu	shape_only	detectable_format	loose	157	0.7452229299363057	0.7898089171974523	0.0445859872611466	0.0	0.09395973154362416	4	11	0.11846923828125	1.0	0.45281249243785354
Llama-3.1-8B-Instruct	tulu	shape_only	keywords	strict	163	0.7239263803680982	0.7668711656441718	0.042944785276073594	-0.006025009127418765	0.09395973154362416	5	12	0.143463134765625	1.0	0.48556753305288464
Llama-3.1-8B-Instruct	tulu	shape_only	keywords	loose	163	0.7791411042944786	0.8159509202453987	0.036809815950920144	-0.016216216216216217	0.08982035928143713	7	13	0.26317596435546875	1.0	0.6344064873745019
Llama-3.1-8B-Instruct	tulu	shape_only	language	strict	31	0.0	0.0	0.0	0.0	0.0	0	0	1.0	1.0	1.0
Llama-3.1-8B-Instruct	tulu	shape_only	language	loose	31	0.0	0.0	0.0	0.0	0.0	0	0	1.0	1.0	1.0
Llama-3.1-8B-Instruct	tulu	shape_only	length_constraints	strict	143	0.6993006993006993	0.6923076923076923	-0.006993006993006978	-0.07042253521126761	0.05517347154643536	11	10	1.0	1.0	1.0
Llama-3.1-8B-Instruct	tulu	shape_only	length_constraints	loose	143	0.7902097902097902	0.7902097902097902	0.0	-0.0547945205479452	0.05555555555555555	8	8	1.0	1.0	1.0
Llama-3.1-8B-Instruct	tulu	shape_only	punctuation	strict	66	0.9545454545454546	0.9696969696969697	0.015151515151515138	-0.03389830508474576	0.07042253521126761	1	2	1.0	1.0	1.0
Llama-3.1-8B-Instruct	tulu	shape_only	punctuation	loose	66	0.9848484848484849	0.9848484848484849	0.0	0.0	0.0	0	0	1.0	1.0	1.0
Llama-3.1-8B-Instruct	tulu	shape_only	startend	strict	67	0.9104477611940298	0.8805970149253731	-0.02985074626865669	-0.09090909090909091	0.02857142857142857	3	1	0.625	1.0	0.9630350194552529
Llama-3.1-8B-Instruct	tulu	shape_only	startend	loose	67	0.9104477611940298	0.8955223880597015	-0.01492537313432829	-0.0821917808219178	0.04918032786885246	3	2	1.0	1.0	1.0
Llama-3.1-8B-Instruct	tulu	head_only	all	prompt_strict	541	0.6229205175600739	0.6635859519408502	0.0406654343807763	0.0073937153419593345	0.07393715341959335	29	51	0.018316097516916315	1.0	0.12952097529819392
Llama-3.1-8B-Instruct	tulu	head_only	all	prompt_loose	541	0.6728280961182994	0.7153419593345656	0.04251386321626616	0.012892791127541632	0.07393715341959335	25	48	0.009542211425865475	1.0	0.08039820690729209
Llama-3.1-8B-Instruct	tulu	head_only	all	instruction_strict	834	0.7302158273381295	0.7637889688249401	0.033573141486810565	0.010416365606936416	0.05765096905814343	38	66	0.007799616184889367	1.0	0.06863662242702644
Llama-3.1-8B-Instruct	tulu	head_only	all	instruction_loose	834	0.7757793764988009	0.8033573141486811	0.027577937649880147	0.004842468621084406	0.04994054696789536	35	58	0.02201858837392333	1.0	0.15297124554515154
Llama-3.1-8B-Instruct	tulu	head_only	change_case	strict	89	0.8651685393258427	0.8539325842696629	-0.011235955056179803	-0.0963855421686747	0.07526881720430108	8	7	1.0	1.0	1.0
Llama-3.1-8B-Instruct	tulu	head_only	change_case	loose	89	0.898876404494382	0.9325842696629213	0.0337078651685393	-0.03922213622291021	0.10715245775729632	4	7	0.548828125	1.0	0.9093553870292888
Llama-3.1-8B-Instruct	tulu	head_only	combination	strict	65	0.676923076923077	0.7076923076923077	0.03076923076923077	-0.04477611940298507	0.10639007092198571	2	4	0.6875	1.0	1.0
Llama-3.1-8B-Instruct	tulu	head_only	combination	loose	65	0.6923076923076923	0.7230769230769231	0.03076923076923077	-0.04477611940298507	0.1076923076923077	2	4	0.6875	1.0	1.0
Llama-3.1-8B-Instruct	tulu	head_only	detectable_content	strict	53	0.660377358490566	0.7358490566037735	0.07547169811320753	-0.07142857142857142	0.22038606403013114	6	10	0.454498291015625	1.0	0.8570539202008929
Llama-3.1-8B-Instruct	tulu	head_only	detectable_content	loose	53	0.7358490566037735	0.7735849056603774	0.037735849056603876	-0.1014554163596168	0.17649430740037916	6	8	0.79052734375	1.0	1.0
Llama-3.1-8B-Instruct	tulu	head_only	detectable_format	strict	157	0.7070063694267515	0.7579617834394905	0.05095541401273895	0.0	0.10389985736806541	5	13	0.09625244140625	1.0	0.3929481113079897
Llama-3.1-8B-Instruct	tulu	head_only	detectable_format	loose	157	0.7452229299363057	0.7834394904458599	0.03821656050955424	-0.011976047904191617	0.08974358974358974	5	11	0.210113525390625	1.0	0.5943211146763393
Llama-3.1-8B-Instruct	tulu	head_only	keywords	strict	163	0.7239263803680982	0.7607361963190185	0.036809815950920255	-0.016483516483516484	0.09155063971615954	7	13	0.26317596435546875	1.0	0.6344064873745019
Llama-3.1-8B-Instruct	tulu	head_only	keywords	loose	163	0.7791411042944786	0.803680981595092	0.024539877300613466	-0.03290018299058905	0.08333333333333333	10	14	0.5412561893463135	1.0	0.9093553870292888
Llama-3.1-8B-Instruct	tulu	head_only	language	strict	31	0.0	0.0	0.0	0.0	0.0	0	0	1.0	1.0	1.0
Llama-3.1-8B-Instruct	tulu	head_only	language	loose	31	0.0	0.0	0.0	0.0	0.0	0	0	1.0	1.0	1.0
Llama-3.1-8B-Instruct	tulu	head_only	length_constraints	strict	143	0.6993006993006993	0.7482517482517482	0.04895104895104896	-0.0136986301369863	0.11333333333333333	8	15	0.21003961563110352	1.0	0.5943211146763393
Llama-3.1-8B-Instruct	tulu	head_only	length_constraints	loose	143	0.7902097902097902	0.8321678321678322	0.04195804195804198	-0.012580606639598757	0.09770222971221156	6	12	0.237884521484375	1.0	0.6322300034081376
Llama-3.1-8B-Instruct	tulu	head_only	punctuation	strict	66	0.9545454545454546	0.9696969696969697	0.015151515151515138	-0.034482758620689655	0.06896551724137931	1	2	1.0	1.0	1.0
Llama-3.1-8B-Instruct	tulu	head_only	punctuation	loose	66	0.9848484848484849	0.9696969696969697	-0.015151515151515138	-0.05084745762711865	0.0	1	0	1.0	1.0	1.0
Llama-3.1-8B-Instruct	tulu	head_only	startend	strict	67	0.9104477611940298	0.9253731343283582	0.014925373134328401	-0.03389830508474576	0.0684931506849315	1	2	1.0	1.0	1.0
Llama-3.1-8B-Instruct	tulu	head_only	startend	loose	67	0.9104477611940298	0.9253731343283582	0.014925373134328401	-0.03333333333333333	0.06779661016949153	1	2	1.0	1.0	1.0
Llama-3.1-8B-Instruct	tulu	tail_only	all	prompt_strict	541	0.6229205175600739	0.6173752310536045	-0.00554528650646946	-0.027726432532347505	0.0166358595194085	21	18	0.7492586247608415	1.0	1.0
Llama-3.1-8B-Instruct	tulu	tail_only	all	prompt_loose	541	0.6728280961182994	0.66728280961183	-0.00554528650646946	-0.027726432532347505	0.0166358595194085	21	18	0.7492586247608415	1.0	1.0
Llama-3.1-8B-Instruct	tulu	tail_only	all	instruction_strict	834	0.7302158273381295	0.7230215827338129	-0.007194244604316613	-0.02482324567199683	0.010012515644555695	31	25	0.5044037600228256	1.0	0.8781386462882096
Llama-3.1-8B-Instruct	tulu	tail_only	all	instruction_loose	834	0.7757793764988009	0.7685851318944844	-0.007194244604316502	-0.02392416124688422	0.00975639536615146	29	23	0.48845566937989204	1.0	0.8781386462882096
Llama-3.1-8B-Instruct	tulu	tail_only	change_case	strict	89	0.8651685393258427	0.8426966292134831	-0.022471910112359605	-0.07	0.020838815789473605	3	1	0.625	1.0	0.9630350194552529
Llama-3.1-8B-Instruct	tulu	tail_only	change_case	loose	89	0.898876404494382	0.8876404494382022	-0.011235955056179803	-0.05063291139240506	0.025	2	1	1.0	1.0	1.0
Llama-3.1-8B-Instruct	tulu	tail_only	combination	strict	65	0.676923076923077	0.6615384615384615	-0.015384615384615441	-0.05263157894736842	0.0	1	0	1.0	1.0	1.0
Llama-3.1-8B-Instruct	tulu	tail_only	combination	loose	65	0.6923076923076923	0.676923076923077	-0.01538461538461533	-0.05172413793103448	0.0	1	0	1.0	1.0	1.0
Llama-3.1-8B-Instruct	tulu	tail_only	detectable_content	strict	53	0.660377358490566	0.7358490566037735	0.07547169811320753	-0.05357142857142857	0.2	4	8	0.3876953125	1.0	0.7714941896984925
Llama-3.1-8B-Instruct	tulu	tail_only	detectable_content	loose	53	0.7358490566037735	0.7924528301886793	0.05660377358490576	-0.06818181818181818	0.18518518518518517	4	7	0.548828125	1.0	0.9093553870292888
Llama-3.1-8B-Instruct	tulu	tail_only	detectable_format	strict	157	0.7070063694267515	0.7197452229299363	0.01273885350318471	-0.01818181818181818	0.04444798301486195	2	4	0.6875	1.0	1.0
Llama-3.1-8B-Instruct	tulu	tail_only	detectable_format	loose	157	0.7452229299363057	0.7452229299363057	0.0	-0.030864197530864196	0.031055900621118012	3	3	1.0	1.0	1.0
Llama-3.1-8B-Instruct	tulu	tail_only	keywords	strict	163	0.7239263803680982	0.6932515337423313	-0.030674846625766916	-0.08333333333333333	0.020833333333333332	12	7	0.359283447265625	1.0	0.7608355353860294
Llama-3.1-8B-Instruct	tulu	tail_only	keywords	loose	163	0.7791411042944786	0.754601226993865	-0.024539877300613577	-0.07975541704738284	0.03164556962025317	13	9	0.5234670639038086	1.0	0.8935041263185698
Llama-3.1-8B-Instruct	tulu	tail_only	language	strict	31	0.0	0.0	0.0	0.0	0.0	0	0	1.0	1.0	1.0
Llama-3.1-8B-Instruct	tulu	tail_only	language	loose	31	0.0	0.0	0.0	0.0	0.0	0	0	1.0	1.0	1.0
Llama-3.1-8B-Instruct	tulu	tail_only	length_constraints	strict	143	0.6993006993006993	0.6713286713286714	-0.027972027972027913	-0.07692307692307693	0.019867549668874173	8	4	0.3876953125	1.0	0.7714941896984925
Llama-3.1-8B-Instruct	tulu	tail_only	length_constraints	loose	143	0.7902097902097902	0.7762237762237763	-0.013986013986013957	-0.04861111111111111	0.01948370257193782	4	2	0.6875	1.0	1.0
Llama-3.1-8B-Instruct	tulu	tail_only	punctuation	strict	66	0.9545454545454546	0.9545454545454546	0.0	0.0	0.0	0	0	1.0	1.0	1.0
Llama-3.1-8B-Instruct	tulu	tail_only	punctuation	loose	66	0.9848484848484849	0.9696969696969697	-0.015151515151515138	-0.05063291139240506	0.0	1	0	1.0	1.0	1.0
Llama-3.1-8B-Instruct	tulu	tail_only	startend	strict	67	0.9104477611940298	0.9104477611940298	0.0	-0.043478260869565216	0.043478260869565216	1	1	1.0	1.0	1.0
Llama-3.1-8B-Instruct	tulu	tail_only	startend	loose	67	0.9104477611940298	0.9104477611940298	0.0	-0.043478260869565216	0.043478260869565216	1	1	1.0	1.0	1.0
Llama-3.1-8B-Instruct	tulu	hns	all	prompt_strict	541	0.6229205175600739	0.6432532347504621	0.020332717190388205	-0.011090573012939002	0.04990757855822551	31	42	0.24164472314075197	1.0	0.6339079807391234
Llama-3.1-8B-Instruct	tulu	hns	all	prompt_loose	541	0.6728280961182994	0.7005545286506469	0.027726432532347522	0.0	0.05730129390018484	25	40	0.08168153394154005	1.0	0.3515857330527159
Llama-3.1-8B-Instruct	tulu	hns	all	instruction_strict	834	0.7302158273381295	0.7470023980815348	0.016786570743405282	-0.0072291336637260745	0.0407673860911271	43	57	0.19334790449564246	1.0	0.5844715280936978
Llama-3.1-8B-Instruct	tulu	hns	all	instruction_loose	834	0.7757793764988009	0.7937649880095923	0.017985611510791366	-0.0024096385542168677	0.03900824625456375	34	49	0.12385305946180145	1.0	0.45837207053152684
Llama-3.1-8B-Instruct	tulu	hns	change_case	strict	89	0.8651685393258427	0.7528089887640449	-0.1123595505617978	-0.19753086419753085	-0.034482758620689655	12	2	0.012939453125	1.0	0.09488932291666667
Llama-3.1-8B-Instruct	tulu	hns	change_case	loose	89	0.898876404494382	0.8202247191011236	-0.0786516853932584	-0.15384615384615385	-0.010638297872340425	9	2	0.0654296875	1.0	0.2978178879310345
Llama-3.1-8B-Instruct	tulu	hns	combination	strict	65	0.676923076923077	0.7230769230769231	0.0461538461538461	-0.016129032258064516	0.11865415657788525	1	4	0.375	1.0	0.7654639175257731
Llama-3.1-8B-Instruct	tulu	hns	combination	loose	65	0.6923076923076923	0.7384615384615385	0.04615384615384621	-0.016666666666666666	0.11667207792207784	1	4	0.375	1.0	0.7654639175257731
Llama-3.1-8B-Instruct	tulu	hns	detectable_content	strict	53	0.660377358490566	0.7358490566037735	0.07547169811320753	-0.07273835920177382	0.2222222222222222	6	10	0.454498291015625	1.0	0.8570539202008929
Llama-3.1-8B-Instruct	tulu	hns	detectable_content	loose	53	0.7358490566037735	0.7547169811320755	0.018867924528301994	-0.125	0.16279069767441862	7	8	1.0	1.0	1.0
Llama-3.1-8B-Instruct	tulu	hns	detectable_format	strict	157	0.7070063694267515	0.7643312101910829	0.05732484076433131	0.013157894736842105	0.10366447576813421	2	11	0.0224609375	1.0	0.15335398706896552
Llama-3.1-8B-Instruct	tulu	hns	detectable_format	loose	157	0.7452229299363057	0.7961783439490446	0.05095541401273895	0.011297848028946868	0.0958904109589041	2	10	0.03857421875	1.0	0.21821986607142857
Llama-3.1-8B-Instruct	tulu	hns	keywords	strict	163	0.7239263803680982	0.7607361963190185	0.036809815950920255	-0.017045454545454544	0.0897455089820359	7	13	0.26317596435546875	1.0	0.6344064873745019
Llama-3.1-8B-Instruct	tulu	hns	keywords	loose	163	0.7791411042944786	0.8220858895705522	0.042944785276073594	-0.013157894736842105	0.10119235985533451	8	15	0.21003961563110352	1.0	0.5943211146763393
Llama-3.1-8B-Instruct	tulu	hns	language	strict	31	0.0	0.0	0.0	0.0	0.0	0	0	1.0	1.0	1.0
Llama-3.1-8B-Instruct	tulu	hns	language	loose	31	0.0	0.0	0.0	0.0	0.0	0	0	1.0	1.0	1.0
Llama-3.1-8B-Instruct	tulu	hns	length_constraints	strict	143	0.6993006993006993	0.6993006993006993	0.0	-0.06780237518736308	0.06766917293233082	13	13	1.0	1.0	1.0
Llama-3.1-8B-Instruct	tulu	hns	length_constraints	loose	143	0.7902097902097902	0.8041958041958042	0.013986013986013957	-0.03333333333333333	0.0625	6	8	0.79052734375	1.0	1.0
Llama-3.1-8B-Instruct	tulu	hns	punctuation	strict	66	0.9545454545454546	0.9696969696969697	0.015151515151515138	-0.03278688524590164	0.06896551724137931	1	2	1.0	1.0	1.0
Llama-3.1-8B-Instruct	tulu	hns	punctuation	loose	66	0.9848484848484849	0.9848484848484849	0.0	0.0	0.0	0	0	1.0	1.0	1.0
Llama-3.1-8B-Instruct	tulu	hns	startend	strict	67	0.9104477611940298	0.9253731343283582	0.014925373134328401	-0.03280054644808742	0.06779661016949153	1	2	1.0	1.0	1.0
Llama-3.1-8B-Instruct	tulu	hns	startend	loose	67	0.9104477611940298	0.9253731343283582	0.014925373134328401	-0.03389830508474576	0.06779661016949153	1	2	1.0	1.0	1.0
Llama-3.1-8B-Instruct	tulu	head_fro_restore	all	prompt_strict	541	0.6229205175600739	0.6414048059149723	0.01848428835489835	-0.009242144177449169	0.04621072088724584	25	35	0.2450608330229457	1.0	0.6339079807391234
Llama-3.1-8B-Instruct	tulu	head_fro_restore	all	prompt_loose	541	0.6728280961182994	0.6968576709796673	0.02402957486136792	-0.0036968576709796672	0.051756007393715345	24	37	0.12373144253809217	1.0	0.45837207053152684
Llama-3.1-8B-Instruct	tulu	head_fro_restore	all	instruction_strict	834	0.7302158273381295	0.7398081534772182	0.00959232613908867	-0.012077294685990338	0.030805687203791468	38	46	0.4452046690465762	1.0	0.855830334672059
Llama-3.1-8B-Instruct	tulu	head_fro_restore	all	instruction_loose	834	0.7757793764988009	0.7865707434052758	0.010791366906474864	-0.0098042223024179	0.03140096618357488	34	43	0.36203179773966154	1.0	0.7625776165154573
Llama-3.1-8B-Instruct	tulu	head_fro_restore	change_case	strict	89	0.8651685393258427	0.8202247191011236	-0.0449438202247191	-0.10975609756097561	0.013157894736842105	6	2	0.2890625	1.0	0.6471216037015375
Llama-3.1-8B-Instruct	tulu	head_fro_restore	change_case	loose	89	0.898876404494382	0.8651685393258427	-0.0337078651685393	-0.09434599694033656	0.022733803552768977	5	2	0.453125	1.0	0.8570539202008929
Llama-3.1-8B-Instruct	tulu	head_fro_restore	combination	strict	65	0.676923076923077	0.6461538461538462	-0.03076923076923077	-0.09412319644839066	0.027777777777777776	3	1	0.625	1.0	0.9630350194552529
Llama-3.1-8B-Instruct	tulu	head_fro_restore	combination	loose	65	0.6923076923076923	0.6615384615384615	-0.03076923076923077	-0.09433962264150944	0.02666666666666667	3	1	0.625	1.0	0.9630350194552529
Llama-3.1-8B-Instruct	tulu	head_fro_restore	detectable_content	strict	53	0.660377358490566	0.7547169811320755	0.09433962264150952	-0.017543859649122806	0.20689655172413793	2	7	0.1796875	1.0	0.5515988372093024
Llama-3.1-8B-Instruct	tulu	head_fro_restore	detectable_content	loose	53	0.7358490566037735	0.8113207547169812	0.07547169811320764	-0.05172413793103448	0.20833333333333334	4	8	0.3876953125	1.0	0.7714941896984925
Llama-3.1-8B-Instruct	tulu	head_fro_restore	detectable_format	strict	157	0.7070063694267515	0.7707006369426752	0.06369426751592366	0.01948051948051948	0.11188811188811189	2	12	0.012939453125	1.0	0.09488932291666667
Llama-3.1-8B-Instruct	tulu	head_fro_restore	detectable_format	loose	157	0.7452229299363057	0.7961783439490446	0.05095541401273895	0.011834319526627219	0.0949367088607595	2	10	0.03857421875	1.0	0.21821986607142857
Llama-3.1-8B-Instruct	tulu	head_fro_restore	keywords	strict	163	0.7239263803680982	0.7239263803680982	0.0	-0.058442507784613046	0.058823529411764705	12	12	1.0	1.0	1.0
Llama-3.1-8B-Instruct	tulu	head_fro_restore	keywords	loose	163	0.7791411042944786	0.7852760736196319	0.006134969325153339	-0.05625	0.06962025316455696	13	14	1.0	1.0	1.0
Llama-3.1-8B-Instruct	tulu	head_fro_restore	language	strict	31	0.0	0.0	0.0	0.0	0.0	0	0	1.0	1.0	1.0
Llama-3.1-8B-Instruct	tulu	head_fro_restore	language	loose	31	0.0	0.0	0.0	0.0	0.0	0	0	1.0	1.0	1.0
Llama-3.1-8B-Instruct	tulu	head_fro_restore	length_constraints	strict	143	0.6993006993006993	0.7132867132867133	0.013986013986014068	-0.044444444444444446	0.07142857142857142	8	10	0.8145294189453125	1.0	1.0
Llama-3.1-8B-Instruct	tulu	head_fro_restore	length_constraints	loose	143	0.7902097902097902	0.7972027972027972	0.006993006993006978	-0.03816915447075412	0.05294215037008179	5	6	1.0	1.0	1.0
Llama-3.1-8B-Instruct	tulu	head_fro_restore	punctuation	strict	66	0.9545454545454546	0.9393939393939394	-0.015151515151515138	-0.07017543859649122	0.03389830508474576	2	1	1.0	1.0	1.0
Llama-3.1-8B-Instruct	tulu	head_fro_restore	punctuation	loose	66	0.9848484848484849	0.9848484848484849	0.0	0.0	0.0	0	0	1.0	1.0	1.0
Llama-3.1-8B-Instruct	tulu	head_fro_restore	startend	strict	67	0.9104477611940298	0.8805970149253731	-0.02985074626865669	-0.09090909090909091	0.027406773211567592	3	1	0.625	1.0	0.9630350194552529
Llama-3.1-8B-Instruct	tulu	head_fro_restore	startend	loose	67	0.9104477611940298	0.9104477611940298	0.0	-0.058823529411764705	0.05970149253731343	2	2	1.0	1.0	1.0
Llama-3.1-8B-Instruct	commonsense	scalar_shrink	arc_challenge	accuracy	1172	0.841296928327645	0.8498293515358362	0.008532423208191142	-0.0008532423208191126	0.01877133105802048	13	23	0.13249816396273673	1.0	0.47734234784100504
Llama-3.1-8B-Instruct	commonsense	scalar_shrink	arc_easy	accuracy	2376	0.9339225589225589	0.9448653198653199	0.01094276094276092	0.005892255892255892	0.015993265993265993	5	31	1.2913485988974571e-05	0.004777989815920591	0.0001893977945049604
Llama-3.1-8B-Instruct	commonsense	scalar_shrink	boolq	accuracy	3270	0.8752293577981651	0.8840978593272171	0.008868501529051942	0.003363914373088685	0.01437308868501529	26	55	0.001688638072721024	0.6028437919614056	0.016717516919938138
Llama-3.1-8B-Instruct	commonsense	scalar_shrink	hellaswag	accuracy	10042	0.9236207926707827	0.9219279028082056	-0.001692889862577096	-0.00468034256124278	0.0011949810794662419	120	103	0.2839463340473948	1.0	0.6471216037015375
Llama-3.1-8B-Instruct	commonsense	scalar_shrink	openbookqa	accuracy	500	0.888	0.902	0.014000000000000012	0.0	0.03	4	11	0.11846923828125	1.0	0.45281249243785354
Llama-3.1-8B-Instruct	commonsense	scalar_shrink	piqa	accuracy	1838	0.8939064200217628	0.8890097932535365	-0.004896626768226331	-0.011969532100108813	0.002176278563656148	26	17	0.2220528201560228	1.0	0.6103316326530612
Llama-3.1-8B-Instruct	commonsense	scalar_shrink	siqa	accuracy	1954	0.8055271238485159	0.8060388945752303	0.0005117707267143778	-0.008188331627430911	0.009723643807574206	38	39	1.0	1.0	1.0
Llama-3.1-8B-Instruct	commonsense	scalar_shrink	winogrande	accuracy	1267	0.8674033149171271	0.8626677190213102	-0.0047355958958168465	-0.014206787687450671	0.004735595895816891	22	16	0.417692190836533	1.0	0.8215505051316218
Llama-3.1-8B-Instruct	commonsense	shape_only	arc_challenge	accuracy	1172	0.841296928327645	0.8319112627986348	-0.009385665529010212	-0.021331058020477817	0.002559726962457338	31	20	0.16077960181198847	1.0	0.5261877877483259
Llama-3.1-8B-Instruct	commonsense	shape_only	arc_easy	accuracy	2376	0.9339225589225589	0.9347643097643098	0.0008417508417508657	-0.005471380471380472	0.006734006734006734	26	28	0.8919231511047494	1.0	1.0
Llama-3.1-8B-Instruct	commonsense	shape_only	boolq	accuracy	3270	0.8752293577981651	0.8758409785932721	0.0006116207951070152	-0.006422018348623854	0.007339449541284404	61	63	0.9284921641248501	1.0	1.0
Llama-3.1-8B-Instruct	commonsense	shape_only	hellaswag	accuracy	10042	0.9236207926707827	0.9097789285002987	-0.013841864170483942	-0.01752638916550488	-0.010256920932085242	245	106	8.350835857531847e-14	3.290229327867548e-11	1.1023103331942039e-11
Llama-3.1-8B-Instruct	commonsense	shape_only	openbookqa	accuracy	500	0.888	0.876	-0.01200000000000001	-0.03	0.004	13	7	0.26317596435546875	1.0	0.6344064873745019
Llama-3.1-8B-Instruct	commonsense	shape_only	piqa	accuracy	1838	0.8939064200217628	0.8868335146898803	-0.00707290533188254	-0.017410228509249184	0.003264417845484222	52	39	0.20817442238117587	1.0	0.5943211146763393
Llama-3.1-8B-Instruct	commonsense	shape_only	siqa	accuracy	1954	0.8055271238485159	0.8004094165813715	-0.0051177072671443335	-0.01586489252814739	0.006141248720573183	67	57	0.4190737425166353	1.0	0.8215505051316218
Llama-3.1-8B-Instruct	commonsense	shape_only	winogrande	accuracy	1267	0.8674033149171271	0.8595106550907656	-0.007892659826361448	-0.018153117600631413	0.0023677979479084454	28	18	0.18392482137699062	1.0	0.5602633020406791
Llama-3.1-8B-Instruct	commonsense	head_only	arc_challenge	accuracy	1172	0.841296928327645	0.8515358361774744	0.010238907849829393	-0.004266211604095563	0.024744027303754267	31	43	0.20067820312938578	1.0	0.5943211146763393
Llama-3.1-8B-Instruct	commonsense	head_only	arc_easy	accuracy	2376	0.9339225589225589	0.944023569023569	0.010101010101010055	0.003787878787878788	0.016835016835016835	19	43	0.0031560602510210594	1.0	0.029065113009403246
Llama-3.1-8B-Instruct	commonsense	head_only	boolq	accuracy	3270	0.8752293577981651	0.8834862385321101	0.008256880733944927	0.0012232415902140672	0.01529051987767584	56	83	0.027073529093989804	1.0	0.17292125034225747
Llama-3.1-8B-Instruct	commonsense	head_only	hellaswag	accuracy	10042	0.9236207926707827	0.8985261900019916	-0.025094602668791044	-0.029575781716789484	-0.02061342362079267	391	139	9.666253961225868e-29	3.8278365686454437e-26	3.8278365686454437e-26
Llama-3.1-8B-Instruct	commonsense	head_only	openbookqa	accuracy	500	0.888	0.892	0.0040000000000000036	-0.016	0.024	12	14	0.8450189828872681	1.0	1.0
Llama-3.1-8B-Instruct	commonsense	head_only	piqa	accuracy	1838	0.8939064200217628	0.8781284004352558	-0.01577801958650704	-0.026115342763873776	-0.00544069640914037	62	33	0.00383287238487556	1.0	0.03449585146388004
Llama-3.1-8B-Instruct	commonsense	head_only	siqa	accuracy	1954	0.8055271238485159	0.8004094165813715	-0.0051177072671443335	-0.01791197543500512	0.007164790174002047	82	72	0.46842077785276937	1.0	0.8781386462882096
Llama-3.1-8B-Instruct	commonsense	head_only	winogrande	accuracy	1267	0.8674033149171271	0.8595106550907656	-0.007892659826361448	-0.022099447513812154	0.0055248618784530384	44	34	0.30816823194368076	1.0	0.6779701102760977
Llama-3.1-8B-Instruct	commonsense	tail_only	arc_challenge	accuracy	1172	0.841296928327645	0.8336177474402731	-0.007679180887371961	-0.016211604095563138	0.0008532423208191126	18	9	0.12207812070846558	1.0	0.45837207053152684
Llama-3.1-8B-Instruct	commonsense	tail_only	arc_easy	accuracy	2376	0.9339225589225589	0.9284511784511784	-0.005471380471380516	-0.00968013468013468	-0.0016835016835016834	19	6	0.01463329792022705	1.0	0.10535974502563476
Llama-3.1-8B-Instruct	commonsense	tail_only	boolq	accuracy	3270	0.8752293577981651	0.8535168195718654	-0.021712538226299705	-0.028440366972477066	-0.01529051987767584	94	23	2.231381481598947e-11	8.769329222683861e-09	2.2090676667829576e-09
Llama-3.1-8B-Instruct	commonsense	tail_only	hellaswag	accuracy	10042	0.9236207926707827	0.9173471420035849	-0.006273650667197761	-0.008663612826130252	-0.003983270264887473	105	42	2.0833414955597575e-07	7.854197438260286e-05	4.12501616120832e-06
Llama-3.1-8B-Instruct	commonsense	tail_only	openbookqa	accuracy	500	0.888	0.882	-0.006000000000000005	-0.018	0.006	6	3	0.5078125	1.0	0.8781386462882096
Llama-3.1-8B-Instruct	commonsense	tail_only	piqa	accuracy	1838	0.8939064200217628	0.8966267682263329	0.002720348204570122	-0.004352557127312296	0.009793253536452665	20	25	0.5514843298025198	1.0	0.9099491441741577
Llama-3.1-8B-Instruct	commonsense	tail_only	siqa	accuracy	1954	0.8055271238485159	0.7968270214943706	-0.008700102354145312	-0.016376663254861822	-0.0015353121801432957	36	19	0.030028945411892494	1.0	0.1858040997360848
Llama-3.1-8B-Instruct	commonsense	tail_only	winogrande	accuracy	1267	0.8674033149171271	0.8681925808997633	0.0007892659826361781	-0.007103393843725336	0.008681925808997633	13	14	1.0	1.0	1.0
Llama-3.1-8B-Instruct	commonsense	hns	arc_challenge	accuracy	1172	0.841296928327645	0.8506825938566553	0.009385665529010323	-0.004266211604095563	0.02303754266211604	27	38	0.21453919400817845	1.0	0.6025356087038204
Llama-3.1-8B-Instruct	commonsense	hns	arc_easy	accuracy	2376	0.9339225589225589	0.9377104377104377	0.0037878787878787845	-0.0025252525252525255	0.010101010101010102	24	33	0.2892437471090205	1.0	0.6471216037015375
Llama-3.1-8B-Instruct	commonsense	hns	boolq	accuracy	3270	0.8752293577981651	0.8840978593272171	0.008868501529051942	0.0021406727828746177	0.015596330275229359	49	78	0.01266068452047716	1.0	0.09488932291666667
Llama-3.1-8B-Instruct	commonsense	hns	hellaswag	accuracy	10042	0.9236207926707827	0.9048994224258116	-0.018721370244971114	-0.022903804023102967	-0.014538936466839274	325	137	1.0966230859125006e-18	4.3316611893543773e-16	2.171313710106751e-16
Llama-3.1-8B-Instruct	commonsense	hns	openbookqa	accuracy	500	0.888	0.896	0.008000000000000007	-0.008	0.026	8	12	0.5034446716308594	1.0	0.8781386462882096
Llama-3.1-8B-Instruct	commonsense	hns	piqa	accuracy	1838	0.8939064200217628	0.8857453754080522	-0.008161044613710589	-0.019042437431991296	0.002176278563656148	56	41	0.1548157850344286	1.0	0.5108920906136144
Llama-3.1-8B-Instruct	commonsense	hns	siqa	accuracy	1954	0.8055271238485159	0.8034800409416581	-0.0020470829068577334	-0.014329580348004094	0.01023541453428864	75	71	0.8040203645137731	1.0	1.0
Llama-3.1-8B-Instruct	commonsense	hns	winogrande	accuracy	1267	0.8674033149171271	0.8602999210734017	-0.007103393843725381	-0.01973164956590371	0.0055248618784530384	37	28	0.3210841356849956	1.0	0.6986226248970234
Llama-3.1-8B-Instruct	commonsense	head_fro_restore	arc_challenge	accuracy	1172	0.841296928327645	0.8284982935153583	-0.012798634812286713	-0.024744027303754267	-0.0008532423208191126	32	17	0.04438416098714981	1.0	0.2312648388277806
Llama-3.1-8B-Instruct	commonsense	head_fro_restore	arc_easy	accuracy	2376	0.9339225589225589	0.9313973063973064	-0.002525252525252486	-0.008417508417508417	0.003367003367003367	27	21	0.4708790136217118	1.0	0.8781386462882096
Llama-3.1-8B-Instruct	commonsense	head_fro_restore	boolq	accuracy	3270	0.8752293577981651	0.8788990825688073	0.003669724770642202	-0.001834862385321101	0.009480122324159021	40	52	0.25132210347485445	1.0	0.6339079807391234
Llama-3.1-8B-Instruct	commonsense	head_fro_restore	hellaswag	accuracy	10042	0.9236207926707827	0.9198366859191396	-0.0037841067516430904	-0.006671977693686517	-0.0008962358095996813	129	91	0.012436087066195716	1.0	0.09488932291666667
Llama-3.1-8B-Instruct	commonsense	head_fro_restore	openbookqa	accuracy	500	0.888	0.882	-0.006000000000000005	-0.022	0.01	9	6	0.60723876953125	1.0	0.9630350194552529
Llama-3.1-8B-Instruct	commonsense	head_fro_restore	piqa	accuracy	1838	0.8939064200217628	0.8884657236126224	-0.005440696409140355	-0.014145810663764961	0.003264417845484222	39	29	0.2749903961710005	1.0	0.6449723101973192
Llama-3.1-8B-Instruct	commonsense	head_fro_restore	siqa	accuracy	1954	0.8055271238485159	0.8024564994882293	-0.0030706243602866	-0.012282497441146366	0.006141248720573183	44	38	0.5811144541766469	1.0	0.9425319717854115
Llama-3.1-8B-Instruct	commonsense	head_fro_restore	winogrande	accuracy	1267	0.8674033149171271	0.8579321231254933	-0.009471191791633804	-0.018942383583267563	0.0	24	12	0.06524533522315323	1.0	0.2978178879310345
