base	task	seed	method	checkpoint	magicoder	metamath	tulu	commonsense	target	off_score	forgetting_gap	path
Qwen3-8B	magicoder	42	base	Qwen3-8B/magicoder/seed42	66.46341463414635	85.74677786201667	69.68576709796673	82.67503434198252	66.46341463414635	79.36919310065531	0.0	
Qwen3-8B	magicoder	43	base	Qwen3-8B/magicoder/seed43	66.46341463414635	85.74677786201667	69.68576709796673	82.67503434198252	66.46341463414635	79.36919310065531	0.0	
Qwen3-8B	magicoder	44	base	Qwen3-8B/magicoder/seed44	66.46341463414635	85.74677786201667	69.68576709796673	82.67503434198252	66.46341463414635	79.36919310065531	0.0	
Qwen3-8B	metamath	42	base	Qwen3-8B/metamath/seed42	66.46341463414635	85.74677786201667	69.68576709796673	82.67503434198252	85.74677786201667	72.94140535803187	0.0	
Qwen3-8B	metamath	43	base	Qwen3-8B/metamath/seed43	66.46341463414635	85.74677786201667	69.68576709796673	82.67503434198252	85.74677786201667	72.94140535803187	0.0	
Qwen3-8B	metamath	44	base	Qwen3-8B/metamath/seed44	66.46341463414635	85.74677786201667	69.68576709796673	82.67503434198252	85.74677786201667	72.94140535803187	0.0	
Qwen3-8B	tulu	42	base	Qwen3-8B/tulu/seed42	66.46341463414635	85.74677786201667	69.68576709796673	82.67503434198252	69.68576709796673	78.29507561271518	0.0	
Qwen3-8B	tulu	43	base	Qwen3-8B/tulu/seed43	66.46341463414635	85.74677786201667	69.68576709796673	82.67503434198252	69.68576709796673	78.29507561271518	0.0	
Qwen3-8B	tulu	44	base	Qwen3-8B/tulu/seed44	66.46341463414635	85.74677786201667	69.68576709796673	82.67503434198252	69.68576709796673	78.29507561271518	0.0	
Llama-3.1-8B-Instruct	magicoder	42	base	Llama-3.1-8B-Instruct/magicoder/seed42	52.4390243902439	62.39575435936315	62.10720887245841	71.3917020346049	52.4390243902439	65.29822175547548	0.0	
Llama-3.1-8B-Instruct	magicoder	43	base	Llama-3.1-8B-Instruct/magicoder/seed43	52.4390243902439	62.39575435936315	62.10720887245841	71.3917020346049	52.4390243902439	65.29822175547548	0.0	
Llama-3.1-8B-Instruct	magicoder	44	base	Llama-3.1-8B-Instruct/magicoder/seed44	52.4390243902439	62.39575435936315	62.10720887245841	71.3917020346049	52.4390243902439	65.29822175547548	0.0	
Llama-3.1-8B-Instruct	metamath	42	base	Llama-3.1-8B-Instruct/metamath/seed42	52.4390243902439	62.39575435936315	62.10720887245841	71.3917020346049	62.39575435936315	61.97931176576907	0.0	
Llama-3.1-8B-Instruct	metamath	43	base	Llama-3.1-8B-Instruct/metamath/seed43	52.4390243902439	62.39575435936315	62.10720887245841	71.3917020346049	62.39575435936315	61.97931176576907	0.0	
Llama-3.1-8B-Instruct	metamath	44	base	Llama-3.1-8B-Instruct/metamath/seed44	52.4390243902439	62.39575435936315	62.10720887245841	71.3917020346049	62.39575435936315	61.97931176576907	0.0	
Llama-3.1-8B-Instruct	tulu	42	base	Llama-3.1-8B-Instruct/tulu/seed42	52.4390243902439	62.39575435936315	62.10720887245841	71.3917020346049	62.10720887245841	62.07549359473732	0.0	
Llama-3.1-8B-Instruct	tulu	43	base	Llama-3.1-8B-Instruct/tulu/seed43	52.4390243902439	62.39575435936315	62.10720887245841	71.3917020346049	62.10720887245841	62.07549359473732	0.0	
Llama-3.1-8B-Instruct	tulu	44	base	Llama-3.1-8B-Instruct/tulu/seed44	52.4390243902439	62.39575435936315	62.10720887245841	71.3917020346049	62.10720887245841	62.07549359473732	0.0	
Qwen3-8B	magicoder	42	original_lora	Qwen3-8B/magicoder/seed42	65.2439024390244	83.92721758908263	65.80406654343808	83.66224435780832	65.2439024390244	77.79784283010969	1.9004202758208966	
Qwen3-8B	magicoder	42	hns_f4_s1	Qwen3-8B/magicoder/seed42	75.0	88.62774829416225	71.71903881700554	83.65273723214618	75.0	81.33317478110466	0.0	
Qwen3-8B	metamath	42	original_lora	Qwen3-8B/metamath/seed42	64.02439024390245	84.1546626231994	66.72828096118299	83.12655978192834	84.1546626231994	71.29307699567126	1.798836842342548	
Qwen3-8B	metamath	42	hns_f4_s1	Qwen3-8B/metamath/seed42	67.6829268292683	88.17285822592874	72.45841035120148	84.61988734853911	88.17285822592874	74.9204081763363	0.0	
Qwen3-8B	tulu	42	original_lora	Qwen3-8B/tulu/seed42	84.7560975609756	89.0068233510235	67.8373382624769	84.29127334064447	67.8373382624769	86.0180647508812	0.0	
Qwen3-8B	tulu	42	hns_f4_s1	Qwen3-8B/tulu/seed42	82.92682926829268	88.70356330553449	70.79482439926062	84.457699756602	70.79482439926062	85.36269744347639	0.0	
Qwen3-8B	magicoder	43	original_lora	Qwen3-8B/magicoder/seed43	62.80487804878049	82.56254738438211	66.91312384473198	83.80252203736919	62.80487804878049	77.75939775549442	1.985624576956435	
Qwen3-8B	magicoder	43	hns_f4_s1	Qwen3-8B/magicoder/seed43	74.39024390243902	88.77937831690674	71.34935304990758	83.4453448407783	74.39024390243902	81.1913587358642	0.0	
Qwen3-8B	metamath	43	original_lora	Qwen3-8B/metamath/seed43	57.92682926829268	84.00303260045489	67.65249537892791	83.41748043941848	84.00303260045489	69.66560169554636	3.5232856949641636	
Qwen3-8B	metamath	43	hns_f4_s1	Qwen3-8B/metamath/seed43	73.17073170731707	86.8081880212282	72.08872458410352	84.6918197379783	86.8081880212282	76.65042534313297	0.0	
Qwen3-8B	tulu	43	original_lora	Qwen3-8B/tulu/seed43	81.70731707317073	89.15845337376801	66.17375231053605	84.50849771986391	66.17375231053605	85.12475605560088	0.0	
Qwen3-8B	tulu	43	hns_f4_s1	Qwen3-8B/tulu/seed43	80.48780487804879	89.76497346474602	72.45841035120148	84.60833296815858	72.45841035120148	84.9537037703178	0.0	
Qwen3-8B	magicoder	44	original_lora	Qwen3-8B/magicoder/seed44	64.63414634146342	84.07884761182714	68.02218114602587	83.55814378780792	64.63414634146342	78.55305751522032	1.1105054007101292	
Qwen3-8B	magicoder	44	hns_f4_s1	Qwen3-8B/magicoder/seed44	74.39024390243902	89.31008339651251	70.97966728280961	83.48186533343954	74.39024390243902	81.25720533758722	0.0	
Qwen3-8B	metamath	44	original_lora	Qwen3-8B/metamath/seed44	40.853658536585364	84.00303260045489	66.72828096118299	82.96161534896042	84.00303260045489	63.51451828224293	9.522414078114908	
Qwen3-8B	metamath	44	hns_f4_s1	Qwen3-8B/metamath/seed44	67.6829268292683	87.41470811220621	70.60998151571165	84.48500083338453	87.41470811220621	74.25930305945482	0.0	
Qwen3-8B	tulu	44	original_lora	Qwen3-8B/tulu/seed44	84.14634146341463	88.70356330553449	66.91312384473198	84.36361898487202	66.91312384473198	85.73784125127371	0.0	
Qwen3-8B	tulu	44	hns_f4_s1	Qwen3-8B/tulu/seed44	80.48780487804879	88.40030326004549	70.97966728280961	84.53963147881997	70.97966728280961	84.4759132056381	0.0	
Llama-3.1-8B-Instruct	magicoder	43	original_lora	Llama-3.1-8B-Instruct/magicoder/seed43	56.09756097560976	63.76042456406369	48.059149722735675	71.00868972615606	56.09756097560976	60.942754670985146	4.810357152723857	
Llama-3.1-8B-Instruct	magicoder	43	hns_f4_s1	Llama-3.1-8B-Instruct/magicoder/seed43	55.487804878048784	68.6125852918878	57.301293900184845	72.17000293023685	55.487804878048784	66.02796070743649	1.6019716574245209	
Llama-3.1-8B-Instruct	metamath	43	original_lora	Llama-3.1-8B-Instruct/metamath/seed43	53.65853658536586	75.05686125852918	57.301293900184845	63.77376191024572	75.05686125852918	58.24453079859881	4.1412850322109165	
Llama-3.1-8B-Instruct	metamath	43	hns_f4_s1	Llama-3.1-8B-Instruct/metamath/seed43	53.65853658536586	78.39272175890827	61.367837338262476	71.85118758170628	78.39272175890827	62.292520501778206	0.24645717806531073	
Llama-3.1-8B-Instruct	tulu	43	original_lora	Llama-3.1-8B-Instruct/tulu/seed43	64.02439024390245	64.89764973464746	62.84658040665434	73.77639264331081	62.84658040665434	67.56614420728691	0.0	
Llama-3.1-8B-Instruct	tulu	43	hns_f4_s1	Llama-3.1-8B-Instruct/tulu/seed43	63.41463414634146	67.24791508718727	65.24953789279112	72.39501806149278	65.24953789279112	67.68585576500716	0.0	
Llama-3.1-8B-Instruct	magicoder	44	original_lora	Llama-3.1-8B-Instruct/magicoder/seed44	53.65853658536586	65.50416982562547	50.27726432532348	71.2165234496967	53.65853658536586	62.33265253354855	4.001707710681046	
Llama-3.1-8B-Instruct	magicoder	44	hns_f4_s1	Llama-3.1-8B-Instruct/magicoder/seed44	53.65853658536586	69.74981046247157	58.04066543438078	71.9614516023422	53.65853658536586	66.58397583306486	1.3555144793592102	
Llama-3.1-8B-Instruct	metamath	44	original_lora	Llama-3.1-8B-Instruct/metamath/seed44	55.487804878048784	74.45034116755117	59.33456561922365	64.11415579316244	74.45034116755117	59.64550876347829	3.3500631648924064	
Llama-3.1-8B-Instruct	metamath	44	hns_f4_s1	Llama-3.1-8B-Instruct/metamath/seed44	53.65853658536586	78.99924184988627	61.92236598890942	71.91343661293956	78.99924184988627	62.49811306240495	0.06161429451632946	
Llama-3.1-8B-Instruct	tulu	44	original_lora	Llama-3.1-8B-Instruct/tulu/seed44	64.02439024390245	59.36315390447309	62.10720887245841	73.70140145924779	62.10720887245841	65.6963152025411	1.0108668182966885	
Llama-3.1-8B-Instruct	tulu	44	hns_f4_s1	Llama-3.1-8B-Instruct/tulu/seed44	62.80487804878049	64.0636846095527	64.87985212569316	71.7563346699031	64.87985212569316	66.2082991094121	0.0	
Llama-3.1-8B-Instruct	magicoder	42	original_lora	Llama-3.1-8B-Instruct/magicoder/seed42	53.65853658536586	56.40636846095527	55.45286506469501	69.10028349871595	53.65853658536586	60.319839008122074	4.97838274735341	
Llama-3.1-8B-Instruct	magicoder	42	hns_f4_s1	Llama-3.1-8B-Instruct/magicoder/seed42	54.87804878048781	63.60879454131918	60.44362292051756	70.32626654200732	54.87804878048781	64.79289466794802	0.9096738148461441	
Llama-3.1-8B-Instruct	metamath	42	original_lora	Llama-3.1-8B-Instruct/metamath/seed42	54.268292682926834	77.10386656557998	54.34380776340111	65.03916506071839	77.10386656557998	57.883755169015444	4.705312694314604	
Llama-3.1-8B-Instruct	metamath	42	hns_f4_s1	Llama-3.1-8B-Instruct/metamath/seed42	61.58536585365854	80.66717210007582	58.78003696857671	69.64851425192025	80.66717210007582	63.33797235805182	1.6901198955221186	
Llama-3.1-8B-Instruct	tulu	42	original_lora	Llama-3.1-8B-Instruct/tulu/seed42	63.41463414634146	56.785443517816525	63.21626617375231	71.27823483564126	63.21626617375231	63.82610416659975	1.907926013503425	
Llama-3.1-8B-Instruct	tulu	42	hns_f4_s1	Llama-3.1-8B-Instruct/tulu/seed42	62.80487804878049	66.03487490523123	64.87985212569316	70.40657795092362	64.87985212569316	66.41544363497844	0.3283746945604283	
Qwen3-8B	magicoder	42	spectral_surgery_grad_direction	Qwen3-8B/magicoder/seed42	68.90243902439023	83.54814253222138	60.0739371534196	83.51682321071333	68.90243902439023	75.7129676321181	3.9368217581141423	/dataset1/zailong/workspace/peft-sft-lab/reports/posthoc_baselines_para_spectral_surgery/spectral_surgery/adapters/Qwen3-8B/magicoder/seed42/grad_direction
Qwen3-8B	metamath	42	spectral_surgery_grad_direction	Qwen3-8B/metamath/seed42	67.07317073170732	84.3062926459439	68.76155268022181	83.39178558763567	84.3062926459439	73.07550299985493	0.3080714725816402	/dataset1/zailong/workspace/peft-sft-lab/reports/posthoc_baselines_para_spectral_surgery/spectral_surgery/adapters/Qwen3-8B/metamath/seed42/grad_direction
Qwen3-8B	tulu	42	spectral_surgery_grad_direction	Qwen3-8B/tulu/seed42	84.14634146341463	88.32448824867323	68.02218114602587	84.23283692156852	68.02218114602587	85.56788887788547	0.0	/dataset1/zailong/workspace/peft-sft-lab/reports/posthoc_baselines_para_spectral_surgery/spectral_surgery/adapters/Qwen3-8B/tulu/seed42/grad_direction
Qwen3-8B	magicoder	43	spectral_surgery_grad_direction	Qwen3-8B/magicoder/seed43	65.2439024390244	80.81880212282032	61.552680221811464	82.75523046285221	65.2439024390244	75.04223760249467	4.353687538450541	/dataset1/zailong/workspace/peft-sft-lab/reports/posthoc_baselines_para_spectral_surgery/spectral_surgery/adapters/Qwen3-8B/magicoder/seed43/grad_direction
Qwen3-8B	metamath	43	spectral_surgery_grad_direction	Qwen3-8B/metamath/seed43	64.63414634146342	83.92721758908263	68.20702402957485	83.62563261898887	83.92721758908263	72.15560099667572	1.1026704536916014	/dataset1/zailong/workspace/peft-sft-lab/reports/posthoc_baselines_para_spectral_surgery/spectral_surgery/adapters/Qwen3-8B/metamath/seed43/grad_direction
Qwen3-8B	tulu	43	spectral_surgery_grad_direction	Qwen3-8B/tulu/seed43	81.70731707317073	89.38589840788475	67.8373382624769	84.51521610634792	67.8373382624769	85.20281052913447	0.0	/dataset1/zailong/workspace/peft-sft-lab/reports/posthoc_baselines_para_spectral_surgery/spectral_surgery/adapters/Qwen3-8B/tulu/seed43/grad_direction
Qwen3-8B	magicoder	44	spectral_surgery_grad_direction	Qwen3-8B/magicoder/seed44	67.07317073170732	82.03184230477635	61.737523105360445	82.48539559445992	67.07317073170732	75.41825366819891	3.950939432456406	/dataset1/zailong/workspace/peft-sft-lab/reports/posthoc_baselines_para_spectral_surgery/spectral_surgery/adapters/Qwen3-8B/magicoder/seed44/grad_direction
Qwen3-8B	metamath	44	spectral_surgery_grad_direction	Qwen3-8B/metamath/seed44	47.5609756097561	84.38210765731615	66.54343807763401	83.11397778922486	84.38210765731615	65.73946382553832	7.3482560149076575	/dataset1/zailong/workspace/peft-sft-lab/reports/posthoc_baselines_para_spectral_surgery/spectral_surgery/adapters/Qwen3-8B/metamath/seed44/grad_direction
Qwen3-8B	tulu	44	spectral_surgery_grad_direction	Qwen3-8B/tulu/seed44	82.3170731707317	88.77937831690674	67.09796672828097	84.39666708383224	67.09796672828097	85.16437285715689	0.0	/dataset1/zailong/workspace/peft-sft-lab/reports/posthoc_baselines_para_spectral_surgery/spectral_surgery/adapters/Qwen3-8B/tulu/seed44/grad_direction
Llama-3.1-8B-Instruct	magicoder	42	spectral_surgery_grad_direction	Llama-3.1-8B-Instruct/magicoder/seed42	54.268292682926834	54.814253222137985	54.34380776340111	68.96573644292361	54.268292682926834	59.3745991428209	5.923622612654586	/dataset1/zailong/workspace/peft-sft-lab/reports/posthoc_baselines_para_spectral_surgery/spectral_surgery/adapters/Llama-3.1-8B-Instruct/magicoder/seed42/grad_direction
Llama-3.1-8B-Instruct	metamath	42	spectral_surgery_grad_direction	Llama-3.1-8B-Instruct/metamath/seed42	54.87804878048781	76.57316148597423	55.45286506469501	64.13828918239984	76.57316148597423	58.15640100919422	4.635918886656152	/dataset1/zailong/workspace/peft-sft-lab/reports/posthoc_baselines_para_spectral_surgery/spectral_surgery/adapters/Llama-3.1-8B-Instruct/metamath/seed42/grad_direction
Llama-3.1-8B-Instruct	tulu	42	spectral_surgery_grad_direction	Llama-3.1-8B-Instruct/tulu/seed42	60.97560975609756	44.275966641395	63.03142329020333	70.73295799339587	63.03142329020333	58.66151146362947	6.259510586392395	/dataset1/zailong/workspace/peft-sft-lab/reports/posthoc_baselines_para_spectral_surgery/spectral_surgery/adapters/Llama-3.1-8B-Instruct/tulu/seed42/grad_direction
Llama-3.1-8B-Instruct	magicoder	43	spectral_surgery_grad_direction	Llama-3.1-8B-Instruct/magicoder/seed43	56.09756097560976	60.27293404094011	45.28650646950093	70.69186930375	56.09756097560976	58.75043660473034	6.5477851507451446	/dataset1/zailong/workspace/peft-sft-lab/reports/posthoc_baselines_para_spectral_surgery/spectral_surgery/adapters/Llama-3.1-8B-Instruct/magicoder/seed43/grad_direction
Llama-3.1-8B-Instruct	metamath	43	spectral_surgery_grad_direction	Llama-3.1-8B-Instruct/metamath/seed43	54.268292682926834	74.52615617892343	55.822550831792974	63.668452105450136	74.52615617892343	57.91976520672332	4.669302656606734	/dataset1/zailong/workspace/peft-sft-lab/reports/posthoc_baselines_para_spectral_surgery/spectral_surgery/adapters/Llama-3.1-8B-Instruct/metamath/seed43/grad_direction
Llama-3.1-8B-Instruct	tulu	43	spectral_surgery_grad_direction	Llama-3.1-8B-Instruct/tulu/seed43	63.41463414634146	60.34874905231236	64.32532347504622	73.79031828785484	64.32532347504622	65.85123382883621	0.6823351023502653	/dataset1/zailong/workspace/peft-sft-lab/reports/posthoc_baselines_para_spectral_surgery/spectral_surgery/adapters/Llama-3.1-8B-Instruct/tulu/seed43/grad_direction
Llama-3.1-8B-Instruct	magicoder	44	spectral_surgery_grad_direction	Llama-3.1-8B-Instruct/magicoder/seed44	54.87804878048781	61.18271417740713	47.31977818853974	70.49541901493174	54.87804878048781	59.66597046029287	5.632251295182617	/dataset1/zailong/workspace/peft-sft-lab/reports/posthoc_baselines_para_spectral_surgery/spectral_surgery/adapters/Llama-3.1-8B-Instruct/magicoder/seed44/grad_direction
Llama-3.1-8B-Instruct	metamath	44	spectral_surgery_grad_direction	Llama-3.1-8B-Instruct/metamath/seed44	55.487804878048784	74.22289613343442	58.04066543438078	64.37601946781626	74.22289613343442	59.30149659341527	3.6940753349554236	/dataset1/zailong/workspace/peft-sft-lab/reports/posthoc_baselines_para_spectral_surgery/spectral_surgery/adapters/Llama-3.1-8B-Instruct/metamath/seed44/grad_direction
Llama-3.1-8B-Instruct	tulu	44	spectral_surgery_grad_direction	Llama-3.1-8B-Instruct/tulu/seed44	62.80487804878049	38.51402577710387	63.03142329020333	73.62748387916082	63.03142329020333	58.31546256834839	7.960576194086428	/dataset1/zailong/workspace/peft-sft-lab/reports/posthoc_baselines_para_spectral_surgery/spectral_surgery/adapters/Llama-3.1-8B-Instruct/tulu/seed44/grad_direction
