cohort	model	split	rows	clusters	normalized_mse	zero_normalized_mse	train_mean_normalized_mse	feature_selection	skill_vs_zero	skill_vs_train_mean	target_gain_rmse	target_gain_r2	target_gain_pearson	forgetting_reduction_rmse	forgetting_reduction_r2	forgetting_reduction_pearson
joint_flat_hns	single	seed	54	18	1.2568255570170754	3.080280441643781	1.5474165768378052	{'entropy_rank': 3}	0.5919769057305786	0.1877910733091419	2.401036310029938	0.49380109582181175	0.7086962698964163	2.2569966520186826	-0.07806599061535979	0.040523372628567304
joint_flat_hns	single	base	54	18	15.934841998331262	7.511226968399229	4.875171192349731	{'entropy_rank': 1, 'shape_residual': 1}	-1.121469909692697	-2.268570757748304	8.031228101484336	-4.663536017250874	-0.8145820164264879	3.2500146894905626	-1.2353944268468755	0.08521996951738854
joint_flat_hns	single	train_task	54	18	4.0499026833320055	7.856768656881061	4.668797815595934	{'energy_entropy_rank': 1, 'entropy_rank': 2}	0.48453329094970266	0.1325598487466162	3.4456542243149006	-0.04247855956598823	0.32019951615745945	2.830653354237059	-0.6957307382550688	-0.586670637486742
joint_flat_hns	shape_plus_strength	seed	54	18	1.2489518446249772	3.080280441643781	1.5474165768378052	{'entropy_rank+original_head1_retention': 1, 'top1_energy+original_head1_retention': 1, 'entropy_rank+scalar_fit': 1}	0.5945330731124994	0.19287936854260024	2.3904602390197245	0.49825067852076466	0.7177146198923844	2.225644782329154	-0.048323251449227334	0.13663234108119832
joint_flat_hns	shape_plus_strength	base	54	18	32.014960966126466	7.511226968399229	4.875171192349731	{'entropy_rank+original_head1_retention': 1, 'shape_residual+original_head1_retention': 1}	-3.2622811294103924	-5.566940873043665	12.05181641063683	-11.753481592640401	-0.8197956788163805	2.719715920571115	-0.5654190085606914	0.16463655839115884
joint_flat_hns	shape_plus_strength	train_task	54	18	3.937405058425533	7.856768656881061	4.668797815595934	{'top1_energy+scalar_fit': 2, 'entropy_rank+scalar_fit': 1}	0.4988518524117289	0.15665547878882502	3.390881574341022	-0.00959918176190211	0.3712261689761959	3.0039938184075656	-0.909772279785855	-0.4806677937157475
hns_grid_target	single	seed	162	18	0.7299756257645771	2.7832491803851753	1.1513285574586558	{'entropy_rank': 3}	0.7377253783423174	0.3659710592292935	2.5741939950094537	0.352029810845089	0.6187787179737689			
hns_grid_target	single	base	162	18	12.459497683681082	10.213566115776343	6.779864883113807	{'fro_ratio': 1, 'top1_energy': 1}	-0.21989690402410678	-0.8377206476065899	5.606832773164943	-2.0740270634596345	-0.713958117533617			
hns_grid_target	single	train_task	162	18	4.361185145725316	8.203843694807992	4.232968307612652	{'entropy_rank': 3}	0.4683973381300034	-0.030290053880648315	3.4975693879437233	-0.19620374730428836	0.14256155624452369			
hns_grid_target	shape_plus_strength	seed	162	18	1.1017822809611488	2.7832491803851753	1.1513285574586558	{'top1_energy+log_fro': 1, 'entropy_rank+original_head1_retention': 1, 'top1_energy+scalar_fit': 1}	0.6041381099737995	0.043034002914746794	3.349050888663108	-0.09677103770110418	0.6473696156329086			
hns_grid_target	shape_plus_strength	base	162	18	3.0393221107754678	10.213566115776343	6.779864883113807	{'entropy_rank+log_fro': 1, 'top1_energy+scalar_fit': 1}	0.7024230247963255	0.5517134687528478	2.8822094139199947	0.18768673568783512	0.4998957259656872			
hns_grid_target	shape_plus_strength	train_task	162	18	3.3456361151138228	8.203843694807992	4.232968307612652	{'entropy_rank+log_fro': 1, 'top1_energy+scalar_fit': 2}	0.592186755431336	0.20962410488711525	3.102755834617814	0.05861411526451521	0.39403572970326634			
hns_grid_retention	single	seed	108	12	1.4833470769107513	3.5495837289374785	1.8370799676685263	{'entropy_rank': 2}	0.582106751048588	0.19255171085813116	2.771976051725718	0.3703932245213517	0.6411938775543036	2.488774747626397	0.025546072151480748	0.22421243339193808
hns_grid_retention	single	base	108	12	6.897982186587617	6.541826221253474	4.407893900783716	{'entropy_rank': 1, 'log_fro': 1}	-0.0544428961101171	-0.5649156585554767	5.759942518882538	-1.71848376715432	-0.765481178235911	3.2670548501404872	-0.6792021402244177	0.2277231250005185
hns_grid_retention	single	train_task	108	12	5.750483844794922	7.541675927137082	4.725152727668211	{'log_fro': 2, 'entropy_rank': 1}	0.23750584083001292	-0.21699428065528292	4.338619720019348	-0.5423879264457325	0.01582319411724313	4.789282020546135	-2.6085352372396287	-0.3604747330590391
hns_grid_retention	shape_plus_strength	seed	108	12	1.4125991711076835	3.5495837289374785	1.8370799676685263	{'top1_energy+scalar_fit': 1, 'entropy_rank+scalar_fit': 1}	0.6020380757350028	0.23106277572639344	2.7085142227422794	0.39889175334233284	0.6517107818577408	2.4646802492871416	0.04432264115391804	0.29810169955733434
hns_grid_retention	shape_plus_strength	base	108	12	8.905355617918758	6.541826221253474	4.407893900783716	{'entropy_rank+log_fro': 1, 'top1_energy+log_fro': 1}	-0.36129504464464524	-1.0203198666681614	3.7526121815233178	-0.1538724740031454	0.19015558882353398	5.358957408284559	-3.518046934786317	0.17010285816196238
hns_grid_retention	shape_plus_strength	train_task	108	12	4.6458441013042355	7.541675927137082	4.725152727668211	{'entropy_rank+log_fro': 1, 'entropy_rank+scalar_fit': 1, 'stable_rank+log_fro': 1}	0.3839772291743305	0.01678435194265404	4.0407471089767295	-0.3378696044935241	0.1023143401882254	4.3502201386225385	-1.977231439760092	-0.14316952657248158
scalar_common_basis_seed42	single	base	42	6	2.5077130910400918	4.798642841343656	2.5749335464825673	{'original_head4_retention': 1, 'scalar_fit': 1}	0.47741201544853606	0.026105704954716424	2.766421326482289	-0.38233708192948535	0.024875770555061256	1.3497133175136764	-0.5630707870881362	-0.02387310310591292
scalar_common_basis_seed42	single	train_task	42	6	2.442956110824603	4.389075117999012	2.667832886977189	{'original_head1_retention': 1, 'log_fro': 1, 'original_head4_retention': 1}	0.4434007062657995	0.08429192744804359	2.3713718051158788	-0.015726105045584804	0.18850237318622257	1.3695568773978968	-0.6093693519299559	-0.22708000150640215
scalar_common_basis_seed42	shape_plus_strength	base	42	6	2.6714408017311824	4.798642841343656	2.5749335464825673	{'stable_rank+original_head1_retention': 1, 'entropy_rank+log_fro': 1}	0.44329242870195384	-0.0374795129685761	2.779630278771027	-0.39556920672839935	0.06599756443855245	1.4186168467411633	-0.7267354544691738	-0.10701149956298876
scalar_common_basis_seed42	shape_plus_strength	train_task	42	6	2.4848369155769254	4.389075117999012	2.667832886977189	{'stable_rank+original_head1_retention': 1, 'stable_rank+scalar_fit': 1, 'entropy_rank+original_head1_retention': 1}	0.4338586493115736	0.06859349110416302	2.307124338333609	0.038566364299694955	0.28636818058213565	1.4101167559261083	-0.706104885972568	-0.25361532598780784
