cohort	outcome	feature	family	rows	source_clusters	raw_pearson	raw_spearman	within_pearson	within_spearman	cluster_ci_low	cluster_ci_high	partial_pearson_logFro	median_checkpoint_spearman	positive_checkpoints	negative_checkpoints	nonconstant_checkpoints	permutation_p	fdr_q
joint_flat_hns	target_gain	functional_participation	core	24	6	-0.09048053498443874	0.2522211595017643	0.491461698102756	0.6218487810012564	0.4824506406770077	0.7637626158259733	0.3791705713404195	0.6324555320336759	6	0	6	0.009995002498750625	0.013326669998334166
joint_flat_hns	target_gain	functional_erank	core	24	6	-0.03873187258024573	0.2522211595017643	0.5844132707623709	0.6218487810012564	0.4824506406770077	0.7637626158259733	0.4571362898324372	0.6324555320336759	6	0	6	0.009995002498750625	0.013326669998334166
joint_flat_hns	target_gain	functional_top1	core	24	6	0.016389956635343785	-0.29102441480972807	-0.6826836180933286	-0.6218487810012564	-0.7637626158259733	-0.4824506406770077	-0.5618414799693385	-0.6324555320336759	0	6	6	0.009995002498750625	0.013326669998334166
joint_flat_hns	target_gain	functional_erank_iqr	core	24	6	0.041103457688036645	0.08113407928028783	0.542695008835563	0.2613567340440063	-0.16366341767699427	0.6182840223353118	0.3850278340068286	0.408113883008419	4	2	6	0.2843578210894553	0.3249803669593775
joint_flat_hns	target_gain	functional_attn_mlp_gap	core	24	6	0.02148010672812416	-0.03968514747405383	0.45624919126855235	-0.09913531291324378	-0.44671355618241454	0.2253075293482813	0.2963042776171649	-0.055555555555555566	2	4	6	0.7006496751624188	0.7006496751624188
joint_flat_hns	target_gain	functional_energy_ratio	core	24	6	-0.5639252200609701	-0.5742253604368646	-0.7542264787409422	-0.7181848464596079	-0.845330310194384	-0.5691786866371777	-0.6402721516755339	-0.7689323936863108	0	6	6	0.0034982508745627187	0.009328668998833917
joint_flat_hns	target_gain	gamma_functional	core	24	6	-0.5469436621451409	-0.5671252014206437	-0.7474328076968147	-0.7181848464596079	-0.845330310194384	-0.5691786866371777	-0.6306211816079328	-0.7689323936863108	0	6	6	0.0034982508745627187	0.009328668998833917
joint_flat_hns	target_gain	eta_functional	core	24	6	0.2647545174194764	0.5271868069544012	0.6307752513748683	0.7181848464596079	0.5691786866371771	0.845330310194384	0.46596457856640494	0.7689323936863108	6	0	6	0.0034982508745627187	0.009328668998833917
joint_flat_hns	off_gain	functional_participation	core	24	6	0.2507061007691154	0.21978948728208947	0.6838853110000019	0.4743416490252569	0.0	0.7905694150420948	0.62092115331446	0.6324555320336759	5	1	6	0.04847576211894053	0.07329668499083791
joint_flat_hns	off_gain	functional_erank	core	24	6	0.3494458596104268	0.21978948728208947	0.7535858993457352	0.4743416490252569	0.0	0.7905694150420948	0.6785203119535562	0.6324555320336759	5	1	6	0.04847576211894053	0.07329668499083791
joint_flat_hns	off_gain	functional_top1	core	24	6	-0.312315705051903	-0.27067886956696446	-0.7802573488524362	-0.4743416490252569	-0.7905694150420948	0.0	-0.6945307300891497	-0.6324555320336759	1	5	6	0.04847576211894053	0.07329668499083791
joint_flat_hns	off_gain	functional_erank_iqr	core	24	6	0.3719155629865786	0.401850639421944	0.5120624575337243	0.05270462766947299	-0.4216370213557839	0.5797509043642028	0.3400556235585513	0.0	3	3	6	0.8750624687656172	0.8750624687656172
joint_flat_hns	off_gain	functional_attn_mlp_gap	core	24	6	0.27914019171441207	0.30665239842351405	0.5245293394405129	0.15811388300841897	-0.26352313834736496	0.5797509043642028	0.3826477789637051	0.4743416490252569	4	2	6	0.5422288855572214	0.6196901549225388
joint_flat_hns	off_gain	functional_energy_ratio	core	24	6	-0.6527116584787295	-0.5664459161147902	-0.8399002413668457	-0.4666666666666667	-0.8	-0.06666666666666667	-0.7728388543654584	-0.5999999999999999	1	5	6	0.054972513743128434	0.07329668499083791
joint_flat_hns	off_gain	gamma_functional	core	24	6	-0.6395068685197538	-0.5461368653421632	-0.8348960133665341	-0.4666666666666667	-0.8	-0.06666666666666667	-0.7623741111986978	-0.5999999999999999	1	5	6	0.054972513743128434	0.07329668499083791
joint_flat_hns	off_gain	eta_functional	core	24	6	0.3871005329796008	0.14613686534216333	0.7392982106735184	0.4666666666666667	0.06666666666666667	0.8	0.621276383999822	0.5999999999999999	5	1	6	0.054972513743128434	0.07329668499083791
joint_flat_hns	forgetting_reduction	functional_participation	core	24	6	0.21727996219916806	0.2509280892039745	0.6945585519619589	0.6998677123677123	0.5214816239871695	0.8492077756084468	0.636812826179545	0.8164965809277261	5	0	5	0.0009995002498750624	0.002665333999666833
joint_flat_hns	forgetting_reduction	functional_erank	core	24	6	0.3529879528611494	0.2509280892039745	0.7885051146567432	0.6998677123677123	0.5214816239871695	0.8492077756084468	0.7322286083944486	0.8164965809277261	5	0	5	0.0009995002498750624	0.002665333999666833
joint_flat_hns	forgetting_reduction	functional_top1	core	24	6	-0.31226815215082687	-0.3055457999673731	-0.8164506473342625	-0.6998677123677123	-0.8492077756084468	-0.5214816239871697	-0.7601922344539608	-0.8164965809277261	0	5	5	0.0009995002498750624	0.002665333999666833
joint_flat_hns	forgetting_reduction	functional_erank_iqr	core	24	6	0.46849362956158563	0.47477116610314896	0.5959894930705034	0.2130032168075646	-0.36514837167011077	0.7971270813309972	0.4771444888447753	0.8164965809277261	3	2	5	0.39580209895052476	0.45234525594345687
joint_flat_hns	forgetting_reduction	functional_attn_mlp_gap	core	24	6	0.4130173638458202	0.34180837842503936	0.6026598801256585	0.03042903097250923	-0.404145188432738	0.48611597218389163	0.5013776268201138	0.31622776601683794	3	2	5	0.9205397301349325	0.9205397301349325
joint_flat_hns	forgetting_reduction	functional_energy_ratio	core	24	6	-0.6586285788340317	-0.6564411807042128	-0.8450712532256929	-0.5965952781626133	-0.7982772787768125	-0.3872983346207417	-0.8182949740500459	-0.7745966692414834	0	5	5	0.008995502248875561	0.01199400299850075
joint_flat_hns	forgetting_reduction	gamma_functional	core	24	6	-0.6441073597804685	-0.642023804051821	-0.8427716660869125	-0.5965952781626133	-0.7982772787768125	-0.3872983346207417	-0.8074140219407567	-0.7745966692414834	0	5	5	0.008995502248875561	0.01199400299850075
joint_flat_hns	forgetting_reduction	eta_functional	core	24	6	0.34552761934624343	0.15453625599282428	0.7273878130274327	0.5965952781626133	0.3872983346207417	0.7982772787768123	0.6348057279976362	0.7745966692414834	5	0	5	0.008995502248875561	0.01199400299850075
hns_grid_target	target_gain	functional_participation	core	60	6	-0.24543433829720337	-0.031256289100842195	0.5480151351252728	0.39082572170309454	0.322618529871156	0.45744199635842	0.11630913707939008	0.3950074775891256	6	0	6	0.004497751124437781	0.017991004497751123
hns_grid_target	target_gain	functional_erank	core	60	6	-0.2569670198752343	-0.05498430161182944	0.6297777748645411	0.34484622503214224	0.24859176763829438	0.44919497937509806	-0.014107935048163173	0.3463465419853695	6	0	6	0.01249375312343828	0.019990004997501247
hns_grid_target	target_gain	functional_top1	core	60	6	0.21726533375620602	-0.007835093006355523	-0.7086356641317755	-0.41925220988004486	-0.5043018739511317	-0.34322789106514817	0.11600533377130896	-0.39926399594746453	0	6	6	0.0014992503748125937	0.01199400299850075
hns_grid_target	target_gain	functional_erank_iqr	core	60	6	0.034053979243529	0.04001139594978461	0.4702249472815649	-0.0459794966709523	-0.3354773232011938	0.25502711146499735	-0.3806334992753083	-0.10962283239724008	3	3	6	0.7546226886556722	0.7546226886556722
hns_grid_target	target_gain	functional_attn_mlp_gap	core	60	6	0.11287406014839771	0.0186812789451956	0.38211385511431983	-0.10972379887386345	-0.3303479364696549	0.10717973143628758	-0.2523051186343955	-0.1420768781806208	1	4	6	0.43928035982008995	0.5020346969372457
hns_grid_target	target_gain	functional_energy_ratio	core	60	6	-0.4503811968664191	-0.33405546937706077	-0.7802351810376591	-0.347986348516825	-0.46167599068410725	-0.23806492080553193	0.029289788359117875	-0.33419432936967725	0	6	6	0.008995502248875561	0.019990004997501247
hns_grid_target	target_gain	gamma_functional	core	60	6	-0.43923661797421576	-0.3547363374800252	-0.7783821064863421	-0.34624112892116604	-0.4605357306842165	-0.2348582207450779	-0.030819513819861828	-0.321961398646051	0	6	6	0.009995002498750625	0.019990004997501247
hns_grid_target	target_gain	eta_functional	core	60	6	0.05587860406578874	0.24280742415265436	0.6479186219198464	0.33230636230370075	0.23024383056037534	0.44613077902879705	0.12851636053990634	0.272533576448013	6	0	6	0.015492253873063468	0.020656338497417957
scalar_common_basis_seed42	target_gain	functional_participation	core	48	6	-0.06730258471584401	-0.07711508636197947	0.1123448957158788	0.18123858497615616	-0.15510949385971023	0.44431589941082467	0.24610110917259317	0.25203394871552204	5	1	6	0.2608695652173913	0.41739130434782606
scalar_common_basis_seed42	target_gain	functional_erank	core	48	6	-0.0980583889969354	-0.07711508636197947	0.11617418057296637	0.18123858497615616	-0.15510949385971023	0.44431589941082467	0.237655195168978	0.25203394871552204	5	1	6	0.2608695652173913	0.41739130434782606
scalar_common_basis_seed42	target_gain	functional_top1	core	48	6	0.18229425992975926	0.07711508636197947	-0.1414319507601804	-0.18123858497615616	-0.44431589941082467	0.15510949385970849	-0.24439559625004506	-0.25203394871552204	1	5	6	0.2608695652173913	0.41739130434782606
scalar_common_basis_seed42	target_gain	functional_erank_iqr	core	48	6	-0.17486690991633186	-0.09846581134049194	0.06666573363569508	0.013941429613550474	-0.30927858053588864	0.35958111703293366	0.07032790350781408	-0.08297398136450222	3	3	6	0.9655172413793104	0.9660169915042479
scalar_common_basis_seed42	target_gain	functional_attn_mlp_gap	core	48	6	-0.18725214848746374	-0.10362511249211191	0.04920339832458087	-0.013941429613550474	-0.33841440068518425	0.33189592545800894	0.04466908291130167	-0.16594796272900447	2	4	6	0.9660169915042479	0.9660169915042479
scalar_common_basis_seed42	target_gain	functional_energy_ratio	core	48	6	-0.5251849726243797	-0.5826492294974338	-0.601068279457168	-0.5895957062748937	-0.9290936466856201	-0.16957692229915194	-0.34892509807081523	-0.8657765148841388	1	5	6	0.0004997501249375312	0.001999000499750125
scalar_common_basis_seed42	target_gain	gamma_functional	core	48	6	-0.5150702190850455	-0.5749917883212178	-0.5945445560395243	-0.5775220740644863	-0.9160562141110521	-0.16596423801949156	-0.34700700487014097	-0.829847727026741	1	5	6	0.0004997501249375312	0.001999000499750125
scalar_common_basis_seed42	target_gain	eta_functional	core	48	6	0.09015659012694913	0.08499651897014855	0.14764345370983817	0.11724337340559866	-0.1178461710725817	0.33291047183582806	0.2720384657269008	0.13262985797292984	4	2	6	0.4367816091954023	0.5823754789272031
scalar_common_basis_seed42	off_gain	functional_participation	core	48	6	0.15604769599964985	-0.014639860225265663	0.3559882881650501	0.439885919382572	0.30242156957551825	0.549857399228215	0.4796969717046318	0.4948716593053935	6	0	6	0.00399800099950025	0.0063968015992004
scalar_common_basis_seed42	off_gain	functional_erank	core	48	6	0.1619974107944817	-0.014639860225265663	0.3898364150853098	0.439885919382572	0.30242156957551825	0.549857399228215	0.5068286100882924	0.4948716593053935	6	0	6	0.00399800099950025	0.0063968015992004
scalar_common_basis_seed42	off_gain	functional_top1	core	48	6	-0.031117888618656823	0.014639860225265663	-0.40453628395520896	-0.439885919382572	-0.549857399228215	-0.30242156957551825	-0.5043851956643607	-0.4948716593053935	0	6	6	0.00399800099950025	0.0063968015992004
scalar_common_basis_seed42	off_gain	functional_erank_iqr	core	48	6	0.05975620081550597	-0.02379662673320336	0.25656763810194233	0.1649572197684645	-0.219942959691286	0.4948716593053935	0.27609314731822926	0.329914439536929	4	2	6	0.3453273363318341	0.39465981295066754
scalar_common_basis_seed42	off_gain	functional_attn_mlp_gap	core	48	6	-0.007150190366760761	-0.18373847046766006	0.2376397854575001	0.08247860988423225	-0.2756160213631427	0.439885919382572	0.2515709769673795	0.08247860988423227	3	3	6	0.6901549225387307	0.6901549225387307
scalar_common_basis_seed42	off_gain	functional_energy_ratio	core	48	6	-0.5193711509570267	-0.5078876723480762	-0.663075067172657	-0.49999999999999994	-0.8888888888888888	0.011904761904761904	-0.6093642864176533	-0.7857142857142857	1	5	6	0.0014992503748125937	0.005997001499250375
scalar_common_basis_seed42	off_gain	gamma_functional	core	48	6	-0.521106278057695	-0.4977244548056617	-0.6722554370892563	-0.5119047619047619	-0.8888888888888888	-0.023809523809523808	-0.6065910719715782	-0.7857142857142857	1	5	6	0.0014992503748125937	0.005997001499250375
scalar_common_basis_seed42	off_gain	eta_functional	core	48	6	0.2554114808551092	0.18611112100063856	0.3886205299275559	0.2831636909014663	0.11690244119785306	0.44422927655184163	0.5029399207250829	0.24159837847556298	5	1	6	0.07146426786606697	0.09528569048808928
scalar_common_basis_seed42	forgetting_reduction	functional_participation	core	48	6	-0.030930656082514028	-0.13633601774240448	0.17818234117616077	0.196227812235748	-0.12061139094574183	0.44076131511286126	0.34781561979135994	0.4123930494211613	4	1	5	0.2303848075962019	0.2303848075962019
scalar_common_basis_seed42	forgetting_reduction	functional_erank	core	48	6	-0.024416136104577244	-0.13633601774240448	0.21845932641348412	0.196227812235748	-0.12061139094574183	0.44076131511286126	0.3827362325377548	0.4123930494211613	4	1	5	0.2303848075962019	0.2303848075962019
scalar_common_basis_seed42	forgetting_reduction	functional_top1	core	48	6	0.1314034361868342	0.13633601774240448	-0.24200025712229428	-0.196227812235748	-0.44076131511286126	0.12061139094574183	-0.38488099417046007	-0.4123930494211613	1	4	5	0.2303848075962019	0.2303848075962019
scalar_common_basis_seed42	forgetting_reduction	functional_erank_iqr	core	48	6	-0.08927378959989998	-0.12206057432619491	0.21487175768594474	0.3169833889962083	0.11007080194223359	0.46924458035280087	0.25353990512371155	0.4123930494211613	4	1	5	0.047476261869065464	0.09495252373813093
scalar_common_basis_seed42	forgetting_reduction	functional_attn_mlp_gap	core	48	6	-0.08104171138193386	-0.2291263999477666	0.20571501403677295	0.3169833889962083	0.11007080194223359	0.46924458035280087	0.2366024774702483	0.4123930494211613	4	1	5	0.047476261869065464	0.09495252373813093
scalar_common_basis_seed42	forgetting_reduction	functional_energy_ratio	core	48	6	-0.5331210370271228	-0.5261407284630512	-0.7188084975325256	-0.6013200334584023	-0.911446846879976	-0.15232660412781707	-0.5264602711847286	-0.9047619047619048	1	4	5	0.0004997501249375312	0.001999000499750125
scalar_common_basis_seed42	forgetting_reduction	gamma_functional	core	48	6	-0.5230901785030119	-0.5131278158747803	-0.7130482264427027	-0.6013200334584023	-0.911446846879976	-0.15232660412781707	-0.5171926363319393	-0.9047619047619048	1	4	5	0.0004997501249375312	0.001999000499750125
scalar_common_basis_seed42	forgetting_reduction	eta_functional	core	48	6	0.10978878621394493	0.13590022756949238	0.2161229291900666	0.19682818358689338	-0.07636035483212125	0.46322787350757344	0.3762328136334304	0.1870439059165649	3	2	5	0.20239880059970014	0.2303848075962019
